Region,Location,URL,Comments,Easting,Northing,CarParkRefs
Scotland,Aberdeen (outer),http://www.aberdeenshire.gov.uk/publictransport/parkandride/,"2 sites: Ellon (off A90 Ellon By-pass on the A920 Castle Road), Stonehaven (railway station)",394160,805870,"9568, 9567"
Scotland,Aberdeen (inner),http://www.abdn.ac.uk/estates/environment/transport/park_ride.php,"2 sites: Bridge of Don (near Aberdeen Exhibition and Conference Centre off the Ellon Road) and Kingswells (accessed from the A944 Skene road or the Kingswells - Newhills Road). (Both sites Mon-Sat only)
",394160,805870,"3314, 3316"
Wales,Aberystwyth,http://www.aberystwyth.org.uk/msc03_4.shtml,1 site: on Park Avenue (Mon-Sat only),258495,281690,9378
South West,Barnstaple,http://www.devon.gov.uk/index/transport/parking/park_and_ride.htm,1 site: south of town off A39,255933,133226,4359
South East,Basingstoke,http://www.basingstoke.gov.uk/services/transport/Park+and+Ride.htm,1 site: Basingstoke Leisure Park,463795,151877,9571
South West,Bath,http://www.bathnes.gov.uk/BathNES/transportandstreets/Parking/parkandride/default.htm,"3 sites: Lansdown (north of city), Newbridge (west of city), Odd Down (southwest of city)",375105,164843,"8723, 8724, 8725, 8726, 8728"
South East,Bedford (Beds),http://www.bedfordshire.gov.uk/TransportAndStreets/RoadImprovements/ParkAndRide.aspx,,504892,249825,8731
South East,Brighton (Brighton and Hove),http://www.brighton-hove.gov.uk/index.cfm?request=c1000782,1 site: Withdean Sports Stadium located North of the city off the A23,531123,104093,8968
South West,Bristol,http://www.bristol-city.gov.uk/parkandride,"3 sites: A4 Bath Road (south east of city), Long Ashton (south west of city), A4 Portway (north west of city)",358640,173086,"467, 9560, 471"
East Anglia,Cambridge,http://www.cambridgeshire.gov.uk/transport/around/park_ride/babraham+road+park+and+ride.htm,"Babraham Road (southeast of city), Cowley Road (north of city), Madingley Road (west of city ), Newmarket Road (east of city), Trumpington (southwest of city)",545238,258469,711
East Anglia,Cambridge,http://www.cambridgeshire.gov.uk/transport/around/park_ride/cowley+road+park+and+ride.htm, Cowley Road (north of city),545238,258469,712
East Anglia,Cambridge,http://www.cambridgeshire.gov.uk/transport/around/park_ride/madingley+road+park+and+ride.htm,Madingley Road (west of city ),545238,258469,714
East Anglia,Cambridge,http://www.cambridgeshire.gov.uk/transport/around/park_ride/newmarket+road+park+and+ride.htm,Newmarket Road (east of city),545238,258469,718
East Anglia,Cambridge,http://www.cambridgeshire.gov.uk/transport/around/park_ride/trumpington+park+and+ride.htm,Trumpington (southwest of city),545238,258469,725
South East,Canterbury,http://www.canterbury.gov.uk/cgi-bin/buildpage.pl?mysql=1566,"3 sites: Wincheap, New Dover Road, Sturry Road",614860,157865,"709, 704, 708"
Wales,Cardiff,"http://www.cardiff.gov.uk/content.asp?nav=2870,4048,4195&id=1237&Positioning_Article_ID=&Language=&parent_directory_id=2865&d1p1=1","3 sites: County Hall (Cardiff Bay) (Sats and Suns only), Crown Way (Sats only), Leckwith Stadium (November to early January only)",318435,176430,"2902, 2903, 9576"
South East,Chatham,http://www.medway.gov.uk/index/environment/publictransport/buses/20119.htm,1 site: Horsted (south of Chatham off A229) (Sats only),575890,167800,5412
South East,Chelmsford,http://www.essexcc.gov.uk/microsites/parkandride/index.htm,1 site: Nr Sandon,570330,207140,"4650, 5401"
South West,Cheltenham,http://www.cheltenham.gov.uk/libraries/templates/ourservice.asp?URN=2886&FolderID=0,"2 sites: Cheltenham Racecourse (north of city), Arle Court (west of city)",395083,222352,"4094, 4093"
North West,Chester,http://www.chester.gov.uk/council_services/parking_services/park_and_ride.aspx,"4 sites: Boughton Heath (south of city), Sealand Road (west of city), Upton - Zoo (north of city), Wrexham Road (south of city)",340544,366267,"810, 811, 813, 814"
West Midlands,Coventry,http://www.centro.org.uk/wwwroot/Bus/parkride.asp,"2 sites: Coventry Memorial Park (south of city), Austin Drive Courthouse Green (north of city)",433445,279137,"9581, 9580"
South West,Dartmouth,http://www.southhams.gov.uk/index/residents_index/ksp_car_parks/sp-car_parks-carparkcharges/sp-car_parks-dartmouth.htm,,287560,51340,6287
East Midlands,Derby,http://www.derby.gov.uk/TransportStreets/PublicTransport/Buses/Park+and+Ride.htm,"2 sites: Meteor Centre (Mon-Sat), Pride Park Stadium (Mon-Sat except when Derby County are playing at home).",435480,336060,"2920, 2921"
Yorkshire and Humber,Doncaster,http://www.doncaster.gov.uk/Living_in_Doncaster/highways_streets_transport/transportation/public_transport_information/Lakeside_Park_and_Ride.asp,1 site: Lakeside (Vue Cinema),457615,403238,9582
South West,Dorchester,http://www.dorsetforyou.com/index.jsp?articleid=1795,1 site: Dorchester Football Stadium (Wednesdays only),368952,90693,1280
North East,Durham,http://www.durham.gov.uk/parkride/usp.nsf/pws/Durham+Park+and+Ride+-+Home+Page,"3 sites: Sniperley (west of city), Belmont (east of city), Howlands Farm (south of city) all Mon-Sat only.",427400,542503,"4363, 4362, 4365"
Scotland,Edinburgh (All Schemes),http://www.edinburgh.gov.uk/transportedinburgh/roads/Rides/ride.html,"4 sites: Ferrytoll (north of city), Newcraighall (east of city), Ingliston (west of city) and Hermiston (west of city)",325650,673940,"9584, 9585, 9586, 9587"
Scotland,Edinburgh (Ferrytoll),http://www.ferrytoll.org/,1 site: Ferrytoll (north side of Forth Bridge),325650,673940,9584
East Anglia,Ely (Cambs),http://www.eastcambs.gov.uk/html/faq_intro.asp?FAQid=447&topid=75&servid=18,1 site:City of Ely Community College in Downham Road (Saturdays only),554203,280390,1278
South West,Exeter,http://www.exeter.gov.uk/index.aspx?articleid=1510,"3 sites: Honiton Road, Matford, Sowton",292045,92685,"1362, 1351, 1364"
South West,Exeter (Royal Devon & Exeter Hospital),http://www.exeter.gov.uk/index.aspx?articleid=1510,1 site: Digby (to the hospital in Wonford),293593,91928,9866
Scotland,Falkirk,http://www.falkirk.gov.uk/services/development/transport_planning/bus_information/park_and_ride.aspx,1 site: Falkirk West (Carmuirs) (Mon-Sat only),288738,679921,4651
South West,Falmouth,http://www.carrick.gov.uk/index.cfm?articleid=18658,1 site: Ponsharden Park and Float/Ride car park,180542,32781,9218
South West,Gloucester,http://www.gloucestershire.gov.uk/index.cfm?articleID=1888,"2 sites: St Oswald's Park (old Cattle Market site), Waterwells Business Park (Quedgley)",383700,218500,"9588, 9589"
South East,Guildford,http://www.guildford.gov.uk/GuildfordWeb/Environment/Transport/ParkRide.htm,"4 sites: Artington (Mon-Sat only), Spectrum (Mon-Fri only), Ladymead (Sat only), The University (Sat only)",499743,149475,"1677, 1675, 1672, 1685"
South East,High Wycombe,http://www.wycombeparkandride.com/,"1 site: Cressex, junction 4 on the M40 (Handy Cross) and from the A4010 at Chapel Lane (Mon-Sats only)",486530,193025,7397
South East,Horsham,http://www.horsham.gov.uk/your_area/your_area_1931.asp,1 site: Hop Oast (off A24 on Worthing Road),517190,130460,5112
Yorkshire and Humber,Hull,"http://www.hullcc.gov.uk/portal/page?_pageid=221,99424&_dad=portal&_schema=PORTAL","2 sites:Priory Park (Mon-Sat only), Walton Street (Mon-Sat only)",509515,428902,"1910, 1909"
East Anglia,Ipswich,http://www.suffolk.gov.uk/TransportAndStreets/PublicTransport/ParkAndRide/Listing.htm,"3 sites: London Road (Mon-Sat only), Bury Road (Mon-Fri only), Martlesham (Mon-Sat only)",616357,244628,"1922, 1926, 1929"
West Midlands,Kidderminster,http://www.wyreforestdc.gov.uk/ccm/content/clacs/street-scene-services/car-parks/park-and-ride-scheme.en,1 site: Stadium Close (next to Kidderminster Harriers Football Club),383188,276695,9607
London,Kingston,http://www.kingston.gov.uk/transport_and_streets/parking/parkandride.htm,1 site: Chessington World of Adventures (November to early January only),518300,169300,9609
East Midlands,Leicester,http://www.leicester.gov.uk/departments/page.asp?pgid=7486,1 site: Meynells Gorse ,458792,304600,2032
South East,Maidenhead (Berks),http://www.rbwm.gov.uk/web/parking_index.htm,1 site: Stafferton Way ,488897,181208,7147
South East,Maidstone,http://www.digitalmaidstone.co.uk/digitalmaidstone/default.aspx?page=379,"4 sites: London Road (Mon-Sat only), Sittingbourne Road (Mon-Sat only), Willington Street (Mon-Sat only), Combe Quarry (Mon-Sat only) ",575980,155793,"3239, 3240, 3241, 3238"
North West,Manchester,http://www.gmpte.com/content.cfm?category_id=3365350,"13 principal sites:  Broadbottom, Brooklands (close to Sale), Cheadle Hulme, Davenport, Hazel Grove, Horwich Parkway (alongside M61),  Ladywell (alongside Ladywell Metrolink station), Lostock (alongside M61), Radcliffe (close to Bury), Romiley, Shaw and Crompton (close to Oldham), Smithy Bridge (close to Rochdale), Westhoughton. ",384244,398379,"9665, 9666, 9667, 9668, 9669, 9670, 9671, 9672, 9673, 9674, 9677, 9676, 9675"
South East,Milton Keynes ,http://www.mkweb.co.uk/transport/DisplayArticle.asp?ID=29127,1 site: Milton Keynes Coachway,485183,238755,2210
North East,Newcastle,http://www.newcastle.gov.uk/core.nsf/a/parknride?opendocument,"4 sites: Callerton Parkway Metro station, Kingston Park Metro station, Regent Centre Metro Station, New Bridge Street Car Park (Sats only)",424945,564480,"2418, 2440, 2459, 2450"
East Anglia,Newmarket,http://www.forest-heath.gov.uk/categorynode?lstCategory=1358,1 site: Willie Snaith Road ,,,4719
East Anglia,Norwich,http://www.norfolk.gov.uk/consumption/idcplg?IdcService=SS_GET_PAGE&nodeId=278,"6 sites: Airport (Mon-Sat only), Costessey (Mon-Fri only), Harford (Mon-Sat only), Postwick (Mon-Sat only), Sprowston (Mon-Sat only), Thickthorn ",623028,308510,"2537, 2539, 2544, 2538, 2540, 2541"
East Midlands,Nottingham,http://www.nottinghamcity.gov.uk/sitemap/services/transport_and_streets/publictransport/parkride.htm,"5 tram sites: The Forest (north of city), Wilkinson Street (north of city), Moor Bridge (north of city), Hucknell (north of city), Phoenix Park (north of city)  2 Bus sites: Queens Drive (south of city), Racecourse (east of city)",457208,339885,"2543, 2542, 2545, 2548, 2547, 2549, 2546"
South East,Oxford,http://www.oxfordshire.gov.uk/wps/portal/publicsite/kcxml/04_Sj9SPykssy0xPLMnMz0vM0Y_QjzKL94039HcCSZnFO8WHOepHogtZIoR8PfJzU_WDgFKR5kAhY3Nf_aic1PTE5Er9YH1v_QD9gtzQiHJvR0cAojBqlw!!/delta/base64xml/L0lJSk03dWlDU1lBIS9JTGpBQU15QUJFUkVSRUlrLzRGR2dkWW5LSjBGUm9YZnJDRUEhLzdfTV8zN00vMjY!?WCM_PORTLET=PC_7_M_37M_WCM&WCM_GLOBAL_CONTEXT=http://apps.oxfordshire.gov.uk/wps/wcm/connect/Internet/Council%20Services/Roads%20and%20transport/Parking/RT%20-%20P%20-%20Park%20and%20ride,"5 sites: Peartree (north of city off A34), Redbridge (south of city off A4142), Seacourt (west of city off A34), Thornhill (east of city off A40), Water Eaton (north of city)",451325,206208,"2597, 2599, 2598, 2603, 2602"
Scotland,Perth,http://www.pkc.gov.uk/Transport+and+streets/Public+and+community+transport/Public+transport+information/Park+and+ride/Park+and+Ride.htm,"2 sites: Glasgow Road (adjacent to Broxden roundabout), Scone (on A94 approach to Scone adjacent to Angus Road roundabout)  ",311740,723470,"2639, 2640"
East Anglia,Peterborough,http://www.peterborough.gov.uk/page-4804,"3 sites: Lynch Wood (southwwest of city centre, off A605 in Alwalton), Maskew Avenue (north of city centre off Bourges Boulevard), Perkins (east of city centre off Oxney Road).  All Sats, Suns and Bank Holidays only, October-January.",519215,298633,"9620, 9621, 9622"
South West,Plymouth,http://www.plymouth.gov.uk/homepage/transportandstreets/publictransport/parkandride.htm,"3 sites: Coypool (Nr Marsh Mills roundabout off A38). George (Opposite the George Hotel on Tavistock Road. Access is only from the A386 Southbound from Tesco/Woolwell roundabout and then left into the site opposite the George Hotel, Southway. There is no access into the site from the city centre direction). Milehouse (follow the signs to Plymouth Argyle - no Saturday services from Milehouse when Argyle are playing at home). All sites Mon-Sat only.",247740,54690,"2718, 2715, 9482"
North West,Preston,http://www.lancashire.gov.uk/environment/bus/park_and_ride/parkandride.asp,"2 sites: Walton-le-Dale (rear of Capitol Centre), Preston Portway (close to Preston Docks)",354090,429439,"2736, 2738"
South East,Reading,http://www.reading-travelinfo.co.uk/UTMC29B.NET/GeneralPages/Category.aspx?cat=9,"2 sites: Loddon Bridge (adjacent to Showcase Cinema Wokingham Road) (Mon-Sat), Madejski Stadium (south of city, close to M4 junction 11) (Mon-Sat)  ",471457,173460,"2753, 2754"
South East,Rochester,http://www.medway.gov.uk/index/environment/publictransport/buses/20119.htm,1 site: Horsted (south of Chatham off A229) (Sats only),574288,168058,5412
South West,St Ives Cornwall,http://www.penwith.gov.uk/index.cfm?articleid=19124,1 site: Lelant Saltings,154500,37205,2659
South West,Salisbury,http://www.salisbury.gov.uk/transport/park-and-ride/,"3 sites: Beehive (north of city), Britford (south of city), Wilton (west of city) ",414498,129966,"2805, 2814, 2809, 2819"
Yorkshire and Humber,Scarborough,http://www.scarborough.gov.uk/default.aspx?page=7433#ScarboroughParking,1 site: Weaponness Valley Road,504340,488445,9647
Yorkshire and Humber,Sheffield,http://www.travelsouthyorkshire.com/your_travel/travelling_by_car/park_and_ride/,"4 sites: Halfway (tram stop), Meadowhall, Middlewood Road (tram stop), Nunnery Square (tram stop) ",435330,387238,"2899, 9579, 2900, 2901"
West Midlands,Shrewsbury,http://www.shrewsbury.gov.uk/public/maps/parkingfacilities/parkandride.htm,"3 sites: Oxon, Meole Brace, Harlescott",349249,312809,"9626, 9627, 9628"
West Midlands,Solihull (not Sunday),http://www.solihull.gov.uk/section.asp?catid=2001&docid=562&pageNumber=2,Monkspath Car Park (Mon-Sat only),414997,279607,6225
West Midlands,Solihull (weekend only),http://www.solihull.gov.uk/section.asp?catid=2001#solcol,Solihull College (Sat-Sun and Public Holidays only),414997,279607,6224
North West,Southport,http://www.sefton.gov.uk/page&3348,"2 sites: The Esplanade, Fairways.",333596,417244,"1100, 1111"
Scotland,Stirling,http://www.stirling.gov.uk/index/services_homepage/roads/rt-park_and_ride.htm,1 site: Springkerse (Monday to Saturday excluding Thursday. Sundays over Christmas),279603,693497,9643
West Midlands,Stoke,http://www.stoke.gov.uk/ccm/navigation/transport-and-streets-/park-and-ride/,1 site: Hanley,387672,345197,9644
West Midlands,Stratford-upon-Avon,http://www.warwickshire.gov.uk/Web/corporate/pages.nsf/Links/C20D9B2F23B9E8678025706500575086,1 site: off Bishopton Lane near to the roundabout with the A46 (T) and the A3400 Birmingham Road,420103,254865,7470
Wales,Swansea,http://www.swansea.gov.uk/parkandride,"2 sites: Landore (north of city), Fabian Way (east of city)",265417,192987,"464, 465"
South West,Swindon,http://www.swindon.gov.uk/roadstransport/parking/parkandride.htm,"2 sites: North Swindon (Cricklade Road), South Swindon (Croft Road, towards Wroughton)",415103,184936,"9466, 9467"
South West,Truro,http://www.cornwall.gov.uk/index.cfm?articleid=32903,1 site (July - September only),182540,44912,"9646, 9645"
South East,Winchester,http://www.winchester.gov.uk/TransportAndStreets/Parking/CarParks-Council/ParkAndRide/,"2 sites: Barfield (Bar End Road near M3 junction 10), St Catherines (Garnier Road near M3 junction 10)",448220,129442,"102, 103"
South East,Windsor,http://www.windsor.gov.uk/transport/park_and_ride.htm,"2 sites: Home Park (on B470 Datchet Road), Legoland ",496500,176682,"7169, 9649"
West Midlands,Wolverhampton,http://www.centro.org.uk/wwwroot/AboutCentro/usrACMetroParkRide.asp?hdWhichMenu=FACILITIES,"4 sites: Black Lake, Priestfield (Wolverhampton), The Hawthorns, Wednesbury Parkway (all at tram stops)",391766,298636,"9651, 9652, 9653, 9654"
West Midlands,Worcester,http://worcestershire.whub.org.uk/home/wccindex/wcc-ht-park-and-ride-sites.htm,1 site: Perdiswell (north of city on A38),384972,254955,73
Yorkshire and Humber,York,http://www.york.gov.uk/parking/ride/,"5 sites: Askham Bar (west of city Centre adjacent to Tesco on Tadcaster Road), Grimston Bar (east of city Centre on A1079 Hull Road), McArthurGlen (south east of city adjacent to Designer Outlet on A19) (Mon-Sat only), Monks Cross (north east of city close to Monks Cross Shopping Centre, Huntington), Rawcliffe Bar (north west of city Centre on A19 Shipton Road) ",460352,451925,"25, 24, 26, 27, 23"
