<?xml version="1.0" encoding="utf-8" ?> 
<DataFeedInfo xmlns:xsi="http://www.w3.org/2001/XMLSchema-instance"
        xsi:schemaLocation="http://www.transportdirect.info/datafeedinfo http://localhost/datafeedinfo.xsd"
        xmlns="http://www.transportdirect.info/datafeedinfo"
        version="1.0">
	<SupplierID>098</SupplierID>
	<InterfaceNumber version="01">IF083</InterfaceNumber>
	<TimePrepared>2008-01-25T10:20:40</TimePrepared>
	<DataFeed isPresent="Y">
		<Filename>ParkandRide.csv</Filename>
	</DataFeed>	
</DataFeedInfo>
