<?xml version='1.0' encoding='UTF-8'?>
<DataFeedInfo xmlns:xsi="http://www.w3.org/2001/XMLSchema-instance" xsi:schemaLocation="http://www.transportdirect.info/datafeedinfo http://localhost/datafeedinfo.xsd" xmlns="http://www.transportdirect.info/datafeedinfo" version="1.0">
	<SupplierID>098</SupplierID>
	<InterfaceNumber version="01">IF061</InterfaceNumber>
	<TimePrepared>2005-10-17T14:44:02</TimePrepared>
	<DataFeed isPresent="Y">
		<Filename>CoachRoutes.csv</Filename>
	</DataFeed>
</DataFeedInfo>
