<?xml version="1.0" encoding="UTF-8" ?>
<SJPTravelCards
	xmlns="http://www.transportdirect.info/SJPTravelCards"
	xmlns:xsi="http://www.w3.org/2001/XMLSchema-instance"
	xsi:schemaLocation="http://www.transportdirect.info/SJPTravelCards SJPTravelcardData.xsd" >

  <Zones xmlns="">
    <Zone>
      <ZoneID>TZ1</ZoneID>
      <ZoneName>Test Zone 1 - Leicester</ZoneName>
      <ZoneArea>
        <ZoneAreaModesIncluded>
          <Mode>rail</Mode>
		  <Mode>ferry</Mode>
        </ZoneAreaModesIncluded>
		<ZoneAreaModesExcluded>
          <Mode>bus</Mode>
		  <Mode>coach</Mode>
        </ZoneAreaModesExcluded>
		<ZoneStopsIncluded>
		  <StopID>9100TEST1</StopID>
		  <StopID>9100TEST2</StopID>
		  <StopID>9100LESTER</StopID>
		  <StopID>9100STPX</StopID>
		  <StopID>9400ZZLUGPK5</StopID>
		  <StopID>9400ZZLUKSX2</StopID>
		</ZoneStopsIncluded>
		<ZoneStopsExcluded>
		  <StopID>9100TEST3</StopID>
		</ZoneStopsExcluded>
      </ZoneArea>
    </Zone>
	<Zone>
      <ZoneID>TZ2</ZoneID>
      <ZoneName>Test Zone 2 - Test</ZoneName>
      <ZoneArea>
        <ZoneAreaModesExcluded>
          <Mode>rail</Mode>
        </ZoneAreaModesExcluded>
		<ZoneStopsExcluded>
		  <StopID>9100TEST1</StopID>
		</ZoneStopsExcluded>
      </ZoneArea>
    </Zone>
  </Zones>

  <Routes xmlns="">
	  <Route>
		<RouteID>R1</RouteID>
		<RouteName>Test Route 1</RouteName>
		<EndA>
		  <RouteEnd>
			<RouteZones>
			  <ZoneID>TZ1</ZoneID>
			</RouteZones>
		  </RouteEnd>
		  <RouteEnd>
			<RouteStops>
			  <StopID>9100TEST2</StopID>
			</RouteStops>
		  </RouteEnd>
		</EndA>
		<EndB>
		  <RouteEnd>
			<RouteStops>
			  <StopID>9100TEST3</StopID>
			</RouteStops>
		  </RouteEnd>
		</EndB>
		<RouteModesIncluded>
		  <Mode>rail</Mode>
		</RouteModesIncluded>
		<RouteModesExcluded>
		  <Mode>bus</Mode>
		</RouteModesExcluded>
	  </Route>
	  <Route>
		<RouteID>R2</RouteID>
		<RouteName>Test Route 2</RouteName>
		<EndA>
		  <RouteEnd>
			<RouteZones>
			  <ZoneID>TZ2</ZoneID>
			  <ZoneID>TZ3</ZoneID>
			  <ZoneID>TZ4</ZoneID>
			</RouteZones>
		  </RouteEnd>
		  <RouteEnd>
			<RouteStops>
			  <StopID>9100TEST2</StopID>
			  <StopID>9100TEST3</StopID>
			</RouteStops>
		  </RouteEnd>
		</EndA>
		<EndB>
		  <RouteEnd>
			<RouteStops>
			  <StopID>9100TEST4</StopID>
			</RouteStops>
		  </RouteEnd>
		</EndB>
	  </Route>
	</Routes>
  
  <TravelCards xmlns="">
    <TravelCard>
      <TravelCardID>TC1</TravelCardID>
      <TravelCardName>Test Travelcard 1</TravelCardName>
      <TravelCardZonesIncluded>
        <ZoneID>TZ1</ZoneID>
      </TravelCardZonesIncluded>
      <TravelCardRoutesIncluded>
        <RouteID>R1</RouteID>
      </TravelCardRoutesIncluded>
	  <TravelCardRoutesExcluded>
        <RouteID>R2</RouteID>
      </TravelCardRoutesExcluded>
      <ValidFrom>2012-01-01</ValidFrom>
      <ValidTo>2012-12-31</ValidTo>
    </TravelCard>
  </TravelCards>

</SJPTravelCards>