<?xml version="1.0" encoding="utf-8" ?>
<soap:Envelope xmlns:xsi="http://www.w3.org/2001/XMLSchema-instance" xmlns:xsd="http://www.w3.org/2001/XMLSchema"
    xmlns:soap="http://schemas.xmlsoap.org/soap/envelope/">
    <soap:Body>
        <PlanJourney xmlns="http://www.transportdirect.info/TransportDirect.EnhancedExposedServices.OpenJourneyPlanner.V1">
            <transactionId>testOpenJP</transactionId>
            <language>en-GB</language>
            <request>
                <ModeFilter>
                    <Include>true</Include>
                    <Modes>
                        <TransportMode>
                            <Mode>Rail</Mode>
                        </TransportMode>
                    </Modes>
                </ModeFilter>
                <ServiceFilter>
                    <Include>false</Include>
                    <Services>
                        <RequestService>
                            <OperatorCode>VT</OperatorCode>
                            <PrivateID>C15870</PrivateID>
                            <Type>RequestServicePrivate</Type>
                        </RequestService>
                    </Services>
                </ServiceFilter>
                <Depart>true</Depart>
                <Destination>
                    <GivenName>Kings Cross</GivenName>
                    <Locality>E0034577</Locality>
                    <Stops>
                        <RequestStop>
                            <NaPTANID>9100KNGX</NaPTANID>
                            <TimeDate>2009-06-29T10:00:00.0000000+01:00</TimeDate>
                        </RequestStop>
                    </Stops>
                    <Type>NaPTAN</Type>
                </Destination>
                <Origin>
                    <GivenName>Newcastle</GivenName>
                    <Locality>E0057900</Locality>
                    <Stops>
                        <RequestStop>
                            <NaPTANID>9100NWCSTLE</NaPTANID>
                            <TimeDate>2009-06-20T15:00:00.0000000+01:00</TimeDate>
                        </RequestStop>
                    </Stops>
                    <Type>NaPTAN</Type>
                </Origin>
                <PublicParameters>
                    <Algorithm>Fastest</Algorithm>
                    <InterchangeSpeed>1</InterchangeSpeed>
                    <IntermediateStops>All</IntermediateStops>
                    <MaxWalkDistance>100</MaxWalkDistance>
                    <RangeType>Sequence</RangeType>
                    <Sequence>5</Sequence>
                    <TrunkPlan>true</TrunkPlan>
                    <WalkSpeed>80</WalkSpeed>
                </PublicParameters>
            </request>
        </PlanJourney>
    </soap:Body>
</soap:Envelope>