AdministrativeAreaCode,DistrictCode,StepFree,Assistance
82,276,TRUE,FALSE
82,277,TRUE,FALSE
82,278,TRUE,FALSE
82,279,TRUE,FALSE
82,280,TRUE,FALSE
82,281,TRUE,FALSE
82,282,TRUE,TRUE
82,283,TRUE,FALSE
82,284,TRUE,FALSE
82,285,TRUE,FALSE
82,286,TRUE,FALSE
82,287,TRUE,FALSE
82,288,TRUE,TRUE
82,289,TRUE,FALSE
82,290,TRUE,FALSE
82,291,TRUE,FALSE
82,292,TRUE,FALSE
82,293,TRUE,FALSE
82,294,TRUE,TRUE
82,295,TRUE,TRUE
82,296,TRUE,FALSE
82,297,TRUE,FALSE
82,298,TRUE,FALSE
82,299,TRUE,FALSE
82,300,TRUE,FALSE
82,301,TRUE,FALSE
82,302,TRUE,FALSE
82,303,TRUE,FALSE
82,304,TRUE,FALSE
82,305,TRUE,FALSE
82,306,TRUE,FALSE
82,307,TRUE,FALSE
82,308,TRUE,TRUE
