JourneyID,OriginType,Origin,DestinationType,Destination,OutwardDate,OutwardTime,OutwardArrDep,ReturnDate,ReturnTime,ReturnArrDep
Game01,p,SW1A 0AA,p,HA9 0WS,15082013,900,a,15082013,1700,d
Game02,p,HA9 0WS,p,SW1A 0AA,15082013,1100,d,,,
Game03,c,530268|179545,c,519090|185732,15082013,1900,d,15082013,900,a
Game04,c,519090|185732,c,530268|179545,15082013,900,a,,,
Game05,n,9400ZZLUWSM4,n,490014376C,15082013,900,a,15082013,1900,d
Game06,n,490014376C,n,9400ZZLUWSM4,15082013,1900,a,,,
Game07,p,SW1A 0AA,p,HA9 0WS,15082013,900,a,15082013,1700,d
Game08,p,HA9 0WS,p,SW1A 0AA,15082013,1100,d,,,
Game09,c,530268|179545,c,519090|185732,15082013,1900,d,15082013,900,a
Game10,c,519090|185732,c,530268|179545,15082013,900,a,,,
Game11,n,9400ZZLUWSM4,n,490014376C,15082013,900,a,15082013,1900,d
Game12,n,490014376C,n,9400ZZLUWSM4,15082013,1900,a,,,
Game13,p,SW1A 0AA,p,HA9 0WS,15082013,900,a,15082013,1700,d
Game14,p,HA9 0WS,p,SW1A 0AA,15082013,1100,d,,,
Game15,c,530268|179545,c,519090|185732,15082013,1900,d,15082013,900,a
Game16,c,519090|185732,c,530268|179545,15082013,900,a,,,
Game17,n,9400ZZLUWSM4,n,490014376C,15082013,900,a,15082013,1900,d
Game18,n,490014376C,n,9400ZZLUWSM4,15082013,1900,a,,,
Game19,p,SW1A 0AA,p,HA9 0WS,15082013,900,a,15082013,1700,d
Game20,p,HA9 0WS,p,SW1A 0AA,15082013,1100,d,,,
Game21,c,530268|179545,c,519090|185732,15082013,1900,d,15082013,900,a
Game22,c,519090|185732,c,530268|179545,15082013,900,a,,,
Game23,n,9400ZZLUWSM4,n,490014376C,15082013,900,a,15082013,1900,d
Game24,n,490014376C,n,9400ZZLUWSM4,15082013,1900,a,,,
Game25,p,SW1A 0AA,p,HA9 0WS,15082013,900,a,15082013,1700,d
Game26,p,HA9 0WS,p,SW1A 0AA,15082013,1100,d,,,
Game27,c,530268|179545,c,519090|185732,15082013,1900,d,15082013,900,a
Game28,c,519090|185732,c,530268|179545,15082013,900,a,,,
Game29,n,9400ZZLUWSM4,n,490014376C,15082013,900,a,15082013,1900,d
Game30,n,490014376C,n,9400ZZLUWSM4,15082013,1900,a,,,
Game31,p,SW1A 0AA,p,HA9 0WS,15082013,900,a,15082013,1700,d
Game32,p,HA9 0WS,p,SW1A 0AA,15082013,1100,d,,,
Game33,c,530268|179545,c,519090|185732,15082013,1900,d,15082013,900,a
Game34,c,519090|185732,c,530268|179545,15082013,900,a,,,
Game35,n,9400ZZLUWSM4,n,490014376C,15082013,900,a,15082013,1900,d
Game36,n,490014376C,n,9400ZZLUWSM4,15082013,1900,a,,,
Game37,p,SW1A 0AA,p,HA9 0WS,15082013,900,a,15082013,1700,d
Game38,p,HA9 0WS,p,SW1A 0AA,15082013,1100,d,,,
Game39,c,530268|179545,c,519090|185732,15082013,1900,d,15082013,900,a
Game40,c,519090|185732,c,530268|179545,15082013,900,a,,,
Game41,n,9400ZZLUWSM4,n,490014376C,15082013,900,a,15082013,1900,d
Game42,n,490014376C,n,9400ZZLUWSM4,15082013,1900,a,,,
Game43,p,SW1A 0AA,p,HA9 0WS,15082013,900,a,15082013,1700,d
Game44,p,HA9 0WS,p,SW1A 0AA,15082013,1100,d,,,
Game45,c,530268|179545,c,519090|185732,15082013,1900,d,15082013,900,a
Game46,c,519090|185732,c,530268|179545,15082013,900,a,,,
Game47,n,9400ZZLUWSM4,n,490014376C,15082013,900,a,15082013,1900,d
Game48,n,490014376C,n,9400ZZLUWSM4,15082013,1900,a,,,
Game49,p,SW1A 0AA,p,HA9 0WS,15082013,900,a,15082013,1700,d
Game50,p,HA9 0WS,p,SW1A 0AA,15082013,1100,d,,,
Game51,c,530268|179545,c,519090|185732,15082013,1900,d,15082013,900,a
Game52,c,519090|185732,c,530268|179545,15082013,900,a,,,
Game53,n,9400ZZLUWSM4,n,490014376C,15082013,900,a,15082013,1900,d
Game54,n,490014376C,n,9400ZZLUWSM4,15082013,1900,a,,,
Game55,p,SW1A 0AA,p,HA9 0WS,15082013,900,a,15082013,1700,d
Game56,p,HA9 0WS,p,SW1A 0AA,15082013,1100,d,,,
Game57,c,530268|179545,c,519090|185732,15082013,1900,d,15082013,900,a
Game58,c,519090|185732,c,530268|179545,15082013,900,a,,,
Game59,n,9400ZZLUWSM4,n,490014376C,15082013,900,a,15082013,1900,d
Game60,n,490014376C,n,9400ZZLUWSM4,15082013,1900,a,,,
Game61,p,SW1A 0AA,p,HA9 0WS,15082013,900,a,15082013,1700,d
Game62,p,HA9 0WS,p,SW1A 0AA,15082013,1100,d,,,
Game63,c,530268|179545,c,519090|185732,15082013,1900,d,15082013,900,a
Game64,c,519090|185732,c,530268|179545,15082013,900,a,,,
Game65,n,9400ZZLUWSM4,n,490014376C,15082013,900,a,15082013,1900,d
Game66,n,490014376C,n,9400ZZLUWSM4,15082013,1900,a,,,
Game67,p,SW1A 0AA,p,HA9 0WS,15082013,900,a,15082013,1700,d
Game68,p,HA9 0WS,p,SW1A 0AA,15082013,1100,d,,,
Game69,c,530268|179545,c,519090|185732,15082013,1900,d,15082013,900,a
Game70,c,519090|185732,c,530268|179545,15082013,900,a,,,
Game71,n,9400ZZLUWSM4,n,490014376C,15082013,900,a,15082013,1900,d
Game72,n,490014376C,n,9400ZZLUWSM4,15082013,1900,a,,,
Game73,p,SW1A 0AA,p,HA9 0WS,15082013,900,a,15082013,1700,d
Game74,p,HA9 0WS,p,SW1A 0AA,15082013,1100,d,,,
Game75,c,530268|179545,c,519090|185732,15082013,1900,d,15082013,900,a
Game76,c,519090|185732,c,530268|179545,15082013,900,a,,,
Game77,n,9400ZZLUWSM4,n,490014376C,15082013,900,a,15082013,1900,d
Game78,n,490014376C,n,9400ZZLUWSM4,15082013,1900,a,,,
Game79,p,SW1A 0AA,p,HA9 0WS,15082013,900,a,15082013,1700,d
Game80,p,HA9 0WS,p,SW1A 0AA,15082013,1100,d,,,
Game81,c,530268|179545,c,519090|185732,15082013,1900,d,15082013,900,a
Game82,c,519090|185732,c,530268|179545,15082013,900,a,,,
Game83,n,9400ZZLUWSM4,n,490014376C,15082013,900,a,15082013,1900,d
Game84,n,490014376C,n,9400ZZLUWSM4,15082013,1900,a,,,
Game85,p,SW1A 0AA,p,HA9 0WS,15082013,900,a,15082013,1700,d
Game86,p,HA9 0WS,p,SW1A 0AA,15082013,1100,d,,,
Game87,c,530268|179545,c,519090|185732,15082013,1900,d,15082013,900,a
Game88,c,519090|185732,c,530268|179545,15082013,900,a,,,
Game89,n,9400ZZLUWSM4,n,490014376C,15082013,900,a,15082013,1900,d
Game90,n,490014376C,n,9400ZZLUWSM4,15082013,1900,a,,,
Game91,p,SW1A 0AA,p,HA9 0WS,15082013,900,a,15082013,1700,d
Game92,p,HA9 0WS,p,SW1A 0AA,15082013,1100,d,,,
Game93,c,530268|179545,c,519090|185732,15082013,1900,d,15082013,900,a
Game94,c,519090|185732,c,530268|179545,15082013,900,a,,,
Game95,n,9400ZZLUWSM4,n,490014376C,15082013,900,a,15082013,1900,d
Game96,n,490014376C,n,9400ZZLUWSM4,15082013,1900,a,,,
Game97,p,SW1A 0AA,p,HA9 0WS,15082013,900,a,15082013,1700,d
Game98,p,HA9 0WS,p,SW1A 0AA,15082013,1100,d,,,
Game99,c,530268|179545,c,519090|185732,15082013,1900,d,15082013,900,a
Game100,c,519090|185732,c,530268|179545,15082013,900,a,,,
Game101,n,9400ZZLUWSM4,n,490014376C,15082013,900,a,15082013,1900,d
Game102,n,490014376C,n,9400ZZLUWSM4,15082013,1900,a,,,
Game103,p,SW1A 0AA,p,HA9 0WS,15082013,900,a,15082013,1700,d
Game104,p,HA9 0WS,p,SW1A 0AA,15082013,1100,d,,,
Game105,c,530268|179545,c,519090|185732,15082013,1900,d,15082013,900,a
Game106,c,519090|185732,c,530268|179545,15082013,900,a,,,
Game107,n,9400ZZLUWSM4,n,490014376C,15082013,900,a,15082013,1900,d
Game108,n,490014376C,n,9400ZZLUWSM4,15082013,1900,a,,,
Game109,p,SW1A 0AA,p,HA9 0WS,15082013,900,a,15082013,1700,d
Game110,p,HA9 0WS,p,SW1A 0AA,15082013,1100,d,,,
Game111,c,530268|179545,c,519090|185732,15082013,1900,d,15082013,900,a
Game112,c,519090|185732,c,530268|179545,15082013,900,a,,,
Game113,n,9400ZZLUWSM4,n,490014376C,15082013,900,a,15082013,1900,d
Game114,n,490014376C,n,9400ZZLUWSM4,15082013,1900,a,,,
Game115,p,SW1A 0AA,p,HA9 0WS,15082013,900,a,15082013,1700,d
Game116,p,HA9 0WS,p,SW1A 0AA,15082013,1100,d,,,
Game117,c,530268|179545,c,519090|185732,15082013,1900,d,15082013,900,a
Game118,c,519090|185732,c,530268|179545,15082013,900,a,,,
Game119,n,9400ZZLUWSM4,n,490014376C,15082013,900,a,15082013,1900,d
Game120,n,490014376C,n,9400ZZLUWSM4,15082013,1900,a,,,
Game121,p,SW1A 0AA,p,HA9 0WS,15082013,900,a,15082013,1700,d
Game122,p,HA9 0WS,p,SW1A 0AA,15082013,1100,d,,,
Game123,c,530268|179545,c,519090|185732,15082013,1900,d,15082013,900,a
Game124,c,519090|185732,c,530268|179545,15082013,900,a,,,
Game125,n,9400ZZLUWSM4,n,490014376C,15082013,900,a,15082013,1900,d
Game126,n,490014376C,n,9400ZZLUWSM4,15082013,1900,a,,,
Game127,p,SW1A 0AA,p,HA9 0WS,15082013,900,a,15082013,1700,d
Game128,p,HA9 0WS,p,SW1A 0AA,15082013,1100,d,,,
Game129,c,530268|179545,c,519090|185732,15082013,1900,d,15082013,900,a
Game130,c,519090|185732,c,530268|179545,15082013,900,a,,,
Game131,n,9400ZZLUWSM4,n,490014376C,15082013,900,a,15082013,1900,d
Game132,n,490014376C,n,9400ZZLUWSM4,15082013,1900,a,,,
Game133,p,SW1A 0AA,p,HA9 0WS,15082013,900,a,15082013,1700,d
Game134,p,HA9 0WS,p,SW1A 0AA,15082013,1100,d,,,
Game135,c,530268|179545,c,519090|185732,15082013,1900,d,15082013,900,a
Game136,c,519090|185732,c,530268|179545,15082013,900,a,,,
Game137,n,9400ZZLUWSM4,n,490014376C,15082013,900,a,15082013,1900,d
Game138,n,490014376C,n,9400ZZLUWSM4,15082013,1900,a,,,
Game139,p,SW1A 0AA,p,HA9 0WS,15082013,900,a,15082013,1700,d
Game140,p,HA9 0WS,p,SW1A 0AA,15082013,1100,d,,,
Game141,c,530268|179545,c,519090|185732,15082013,1900,d,15082013,900,a
Game142,c,519090|185732,c,530268|179545,15082013,900,a,,,
Game143,n,9400ZZLUWSM4,n,490014376C,15082013,900,a,15082013,1900,d
Game144,n,490014376C,n,9400ZZLUWSM4,15082013,1900,a,,,
Game145,p,SW1A 0AA,p,HA9 0WS,15082013,900,a,15082013,1700,d
Game146,p,HA9 0WS,p,SW1A 0AA,15082013,1100,d,,,
Game147,c,530268|179545,c,519090|185732,15082013,1900,d,15082013,900,a
Game148,c,519090|185732,c,530268|179545,15082013,900,a,,,
Game149,n,9400ZZLUWSM4,n,490014376C,15082013,900,a,15082013,1900,d
Game150,n,490014376C,n,9400ZZLUWSM4,15082013,1900,a,,,
Game151,p,SW1A 0AA,p,HA9 0WS,15082013,900,a,15082013,1700,d
Game152,p,HA9 0WS,p,SW1A 0AA,15082013,1100,d,,,
Game153,c,530268|179545,c,519090|185732,15082013,1900,d,15082013,900,a
Game154,c,519090|185732,c,530268|179545,15082013,900,a,,,
Game155,n,9400ZZLUWSM4,n,490014376C,15082013,900,a,15082013,1900,d
Game156,n,490014376C,n,9400ZZLUWSM4,15082013,1900,a,,,
Game157,p,SW1A 0AA,p,HA9 0WS,15082013,900,a,15082013,1700,d
Game158,p,HA9 0WS,p,SW1A 0AA,15082013,1100,d,,,
Game159,c,530268|179545,c,519090|185732,15082013,1900,d,15082013,900,a
Game160,c,519090|185732,c,530268|179545,15082013,900,a,,,
Game161,n,9400ZZLUWSM4,n,490014376C,15082013,900,a,15082013,1900,d
Game162,n,490014376C,n,9400ZZLUWSM4,15082013,1900,a,,,
Game163,p,SW1A 0AA,p,HA9 0WS,15082013,900,a,15082013,1700,d
Game164,p,HA9 0WS,p,SW1A 0AA,15082013,1100,d,,,
Game165,c,530268|179545,c,519090|185732,15082013,1900,d,15082013,900,a
Game166,c,519090|185732,c,530268|179545,15082013,900,a,,,
Game167,n,9400ZZLUWSM4,n,490014376C,15082013,900,a,15082013,1900,d
Game168,n,490014376C,n,9400ZZLUWSM4,15082013,1900,a,,,
Game169,p,SW1A 0AA,p,HA9 0WS,15082013,900,a,15082013,1700,d
Game170,p,HA9 0WS,p,SW1A 0AA,15082013,1100,d,,,
Game171,c,530268|179545,c,519090|185732,15082013,1900,d,15082013,900,a
Game172,c,519090|185732,c,530268|179545,15082013,900,a,,,
Game173,n,9400ZZLUWSM4,n,490014376C,15082013,900,a,15082013,1900,d
Game174,n,490014376C,n,9400ZZLUWSM4,15082013,1900,a,,,
Game175,p,SW1A 0AA,p,HA9 0WS,15082013,900,a,15082013,1700,d
Game176,p,HA9 0WS,p,SW1A 0AA,15082013,1100,d,,,
Game177,c,530268|179545,c,519090|185732,15082013,1900,d,15082013,900,a
Game178,c,519090|185732,c,530268|179545,15082013,900,a,,,
Game179,n,9400ZZLUWSM4,n,490014376C,15082013,900,a,15082013,1900,d
Game180,n,490014376C,n,9400ZZLUWSM4,15082013,1900,a,,,
Game181,p,SW1A 0AA,p,HA9 0WS,15082013,900,a,15082013,1700,d
Game182,p,HA9 0WS,p,SW1A 0AA,15082013,1100,d,,,
Game183,c,530268|179545,c,519090|185732,15082013,1900,d,15082013,900,a
Game184,c,519090|185732,c,530268|179545,15082013,900,a,,,
Game185,n,9400ZZLUWSM4,n,490014376C,15082013,900,a,15082013,1900,d
Game186,n,490014376C,n,9400ZZLUWSM4,15082013,1900,a,,,
Game187,p,SW1A 0AA,p,HA9 0WS,15082013,900,a,15082013,1700,d
Game188,p,HA9 0WS,p,SW1A 0AA,15082013,1100,d,,,
Game189,c,530268|179545,c,519090|185732,15082013,1900,d,15082013,900,a
Game190,c,519090|185732,c,530268|179545,15082013,900,a,,,
Game191,n,9400ZZLUWSM4,n,490014376C,15082013,900,a,15082013,1900,d
Game192,n,490014376C,n,9400ZZLUWSM4,15082013,1900,a,,,
Game193,p,SW1A 0AA,p,HA9 0WS,15082013,900,a,15082013,1700,d
Game194,p,HA9 0WS,p,SW1A 0AA,15082013,1100,d,,,
Game195,c,530268|179545,c,519090|185732,15082013,1900,d,15082013,900,a
Game196,c,519090|185732,c,530268|179545,15082013,900,a,,,
Game197,n,9400ZZLUWSM4,n,490014376C,15082013,900,a,15082013,1900,d
Game198,n,490014376C,n,9400ZZLUWSM4,15082013,1900,a,,,
Game199,p,SW1A 0AA,p,HA9 0WS,15082013,900,a,15082013,1700,d
Game200,p,HA9 0WS,p,SW1A 0AA,15082013,1100,d,,,
Game201,c,530268|179545,c,519090|185732,15082013,1900,d,15082013,900,a
Game202,c,519090|185732,c,530268|179545,15082013,900,a,,,
Game203,n,9400ZZLUWSM4,n,490014376C,15082013,900,a,15082013,1900,d
Game204,n,490014376C,n,9400ZZLUWSM4,15082013,1900,a,,,
Game205,p,SW1A 0AA,p,HA9 0WS,15082013,900,a,15082013,1700,d
Game206,p,HA9 0WS,p,SW1A 0AA,15082013,1100,d,,,
Game207,c,530268|179545,c,519090|185732,15082013,1900,d,15082013,900,a
Game208,c,519090|185732,c,530268|179545,15082013,900,a,,,
Game209,n,9400ZZLUWSM4,n,490014376C,15082013,900,a,15082013,1900,d
Game210,n,490014376C,n,9400ZZLUWSM4,15082013,1900,a,,,
Game211,p,SW1A 0AA,p,HA9 0WS,15082013,900,a,15082013,1700,d
Game212,p,HA9 0WS,p,SW1A 0AA,15082013,1100,d,,,
Game213,c,530268|179545,c,519090|185732,15082013,1900,d,15082013,900,a
Game214,c,519090|185732,c,530268|179545,15082013,900,a,,,
Game215,n,9400ZZLUWSM4,n,490014376C,15082013,900,a,15082013,1900,d
Game216,n,490014376C,n,9400ZZLUWSM4,15082013,1900,a,,,
Game217,p,SW1A 0AA,p,HA9 0WS,15082013,900,a,15082013,1700,d
Game218,p,HA9 0WS,p,SW1A 0AA,15082013,1100,d,,,
Game219,c,530268|179545,c,519090|185732,15082013,1900,d,15082013,900,a
Game220,c,519090|185732,c,530268|179545,15082013,900,a,,,
Game221,n,9400ZZLUWSM4,n,490014376C,15082013,900,a,15082013,1900,d
Game222,n,490014376C,n,9400ZZLUWSM4,15082013,1900,a,,,
Game223,p,SW1A 0AA,p,HA9 0WS,15082013,900,a,15082013,1700,d
Game224,p,HA9 0WS,p,SW1A 0AA,15082013,1100,d,,,
Game225,c,530268|179545,c,519090|185732,15082013,1900,d,15082013,900,a
Game226,c,519090|185732,c,530268|179545,15082013,900,a,,,
Game227,n,9400ZZLUWSM4,n,490014376C,15082013,900,a,15082013,1900,d
Game228,n,490014376C,n,9400ZZLUWSM4,15082013,1900,a,,,
Game229,p,SW1A 0AA,p,HA9 0WS,15082013,900,a,15082013,1700,d
Game230,p,HA9 0WS,p,SW1A 0AA,15082013,1100,d,,,
Game231,c,530268|179545,c,519090|185732,15082013,1900,d,15082013,900,a
Game232,c,519090|185732,c,530268|179545,15082013,900,a,,,
Game233,n,9400ZZLUWSM4,n,490014376C,15082013,900,a,15082013,1900,d
Game234,n,490014376C,n,9400ZZLUWSM4,15082013,1900,a,,,
Game235,p,SW1A 0AA,p,HA9 0WS,15082013,900,a,15082013,1700,d
Game236,p,HA9 0WS,p,SW1A 0AA,15082013,1100,d,,,
Game237,c,530268|179545,c,519090|185732,15082013,1900,d,15082013,900,a
Game238,c,519090|185732,c,530268|179545,15082013,900,a,,,
Game239,n,9400ZZLUWSM4,n,490014376C,15082013,900,a,15082013,1900,d
Game240,n,490014376C,n,9400ZZLUWSM4,15082013,1900,a,,,
Game241,p,SW1A 0AA,p,HA9 0WS,15082013,900,a,15082013,1700,d
Game242,p,HA9 0WS,p,SW1A 0AA,15082013,1100,d,,,
Game243,c,530268|179545,c,519090|185732,15082013,1900,d,15082013,900,a
Game244,c,519090|185732,c,530268|179545,15082013,900,a,,,
Game245,n,9400ZZLUWSM4,n,490014376C,15082013,900,a,15082013,1900,d
Game246,n,490014376C,n,9400ZZLUWSM4,15082013,1900,a,,,
Game247,p,SW1A 0AA,p,HA9 0WS,15082013,900,a,15082013,1700,d
Game248,p,HA9 0WS,p,SW1A 0AA,15082013,1100,d,,,
Game249,c,530268|179545,c,519090|185732,15082013,1900,d,15082013,900,a
Game250,c,519090|185732,c,530268|179545,15082013,900,a,,,
Game251,n,9400ZZLUWSM4,n,490014376C,15082013,900,a,15082013,1900,d
Game252,n,490014376C,n,9400ZZLUWSM4,15082013,1900,a,,,
Game253,p,SW1A 0AA,p,HA9 0WS,15082013,900,a,15082013,1700,d
Game254,p,HA9 0WS,p,SW1A 0AA,15082013,1100,d,,,
Game255,c,530268|179545,c,519090|185732,15082013,1900,d,15082013,900,a
Game256,c,519090|185732,c,530268|179545,15082013,900,a,,,
Game257,n,9400ZZLUWSM4,n,490014376C,15082013,900,a,15082013,1900,d
Game258,n,490014376C,n,9400ZZLUWSM4,15082013,1900,a,,,
Game259,p,SW1A 0AA,p,HA9 0WS,15082013,900,a,15082013,1700,d
Game260,p,HA9 0WS,p,SW1A 0AA,15082013,1100,d,,,
Game261,c,530268|179545,c,519090|185732,15082013,1900,d,15082013,900,a
Game262,c,519090|185732,c,530268|179545,15082013,900,a,,,
Game263,n,9400ZZLUWSM4,n,490014376C,15082013,900,a,15082013,1900,d
Game264,n,490014376C,n,9400ZZLUWSM4,15082013,1900,a,,,
Game265,p,SW1A 0AA,p,HA9 0WS,15082013,900,a,15082013,1700,d
Game266,p,HA9 0WS,p,SW1A 0AA,15082013,1100,d,,,
Game267,c,530268|179545,c,519090|185732,15082013,1900,d,15082013,900,a
Game268,c,519090|185732,c,530268|179545,15082013,900,a,,,
Game269,n,9400ZZLUWSM4,n,490014376C,15082013,900,a,15082013,1900,d
Game270,n,490014376C,n,9400ZZLUWSM4,15082013,1900,a,,,
Game271,p,SW1A 0AA,p,HA9 0WS,15082013,900,a,15082013,1700,d
Game272,p,HA9 0WS,p,SW1A 0AA,15082013,1100,d,,,
Game273,c,530268|179545,c,519090|185732,15082013,1900,d,15082013,900,a
Game274,c,519090|185732,c,530268|179545,15082013,900,a,,,
Game275,n,9400ZZLUWSM4,n,490014376C,15082013,900,a,15082013,1900,d
Game276,n,490014376C,n,9400ZZLUWSM4,15082013,1900,a,,,
Game277,p,SW1A 0AA,p,HA9 0WS,15082013,900,a,15082013,1700,d
Game278,p,HA9 0WS,p,SW1A 0AA,15082013,1100,d,,,
Game279,c,530268|179545,c,519090|185732,15082013,1900,d,15082013,900,a
Game280,c,519090|185732,c,530268|179545,15082013,900,a,,,
Game281,n,9400ZZLUWSM4,n,490014376C,15082013,900,a,15082013,1900,d
Game282,n,490014376C,n,9400ZZLUWSM4,15082013,1900,a,,,
Game283,p,SW1A 0AA,p,HA9 0WS,15082013,900,a,15082013,1700,d
Game284,p,HA9 0WS,p,SW1A 0AA,15082013,1100,d,,,
Game285,c,530268|179545,c,519090|185732,15082013,1900,d,15082013,900,a
Game286,c,519090|185732,c,530268|179545,15082013,900,a,,,
Game287,n,9400ZZLUWSM4,n,490014376C,15082013,900,a,15082013,1900,d
Game288,n,490014376C,n,9400ZZLUWSM4,15082013,1900,a,,,
Game289,p,SW1A 0AA,p,HA9 0WS,15082013,900,a,15082013,1700,d
Game290,p,HA9 0WS,p,SW1A 0AA,15082013,1100,d,,,
Game291,c,530268|179545,c,519090|185732,15082013,1900,d,15082013,900,a
Game292,c,519090|185732,c,530268|179545,15082013,900,a,,,
Game293,n,9400ZZLUWSM4,n,490014376C,15082013,900,a,15082013,1900,d
Game294,n,490014376C,n,9400ZZLUWSM4,15082013,1900,a,,,
Game295,p,SW1A 0AA,p,HA9 0WS,15082013,900,a,15082013,1700,d
Game296,p,HA9 0WS,p,SW1A 0AA,15082013,1100,d,,,
Game297,c,530268|179545,c,519090|185732,15082013,1900,d,15082013,900,a
Game298,c,519090|185732,c,530268|179545,15082013,900,a,,,
Game299,n,9400ZZLUWSM4,n,490014376C,15082013,900,a,15082013,1900,d
Game300,n,490014376C,n,9400ZZLUWSM4,15082013,1900,a,,,
Game301,p,SW1A 0AA,p,HA9 0WS,15082013,900,a,15082013,1700,d
Game302,p,HA9 0WS,p,SW1A 0AA,15082013,1100,d,,,
Game303,c,530268|179545,c,519090|185732,15082013,1900,d,15082013,900,a
Game304,c,519090|185732,c,530268|179545,15082013,900,a,,,
Game305,n,9400ZZLUWSM4,n,490014376C,15082013,900,a,15082013,1900,d
Game306,n,490014376C,n,9400ZZLUWSM4,15082013,1900,a,,,
Game307,p,SW1A 0AA,p,HA9 0WS,15082013,900,a,15082013,1700,d
Game308,p,HA9 0WS,p,SW1A 0AA,15082013,1100,d,,,
Game309,c,530268|179545,c,519090|185732,15082013,1900,d,15082013,900,a
Game310,c,519090|185732,c,530268|179545,15082013,900,a,,,
Game311,n,9400ZZLUWSM4,n,490014376C,15082013,900,a,15082013,1900,d
Game312,n,490014376C,n,9400ZZLUWSM4,15082013,1900,a,,,
Game313,p,SW1A 0AA,p,HA9 0WS,15082013,900,a,15082013,1700,d
Game314,p,HA9 0WS,p,SW1A 0AA,15082013,1100,d,,,
Game315,c,530268|179545,c,519090|185732,15082013,1900,d,15082013,900,a
Game316,c,519090|185732,c,530268|179545,15082013,900,a,,,
Game317,n,9400ZZLUWSM4,n,490014376C,15082013,900,a,15082013,1900,d
Game318,n,490014376C,n,9400ZZLUWSM4,15082013,1900,a,,,
Game319,p,SW1A 0AA,p,HA9 0WS,15082013,900,a,15082013,1700,d
Game320,p,HA9 0WS,p,SW1A 0AA,15082013,1100,d,,,
Game321,c,530268|179545,c,519090|185732,15082013,1900,d,15082013,900,a
Game322,c,519090|185732,c,530268|179545,15082013,900,a,,,
Game323,n,9400ZZLUWSM4,n,490014376C,15082013,900,a,15082013,1900,d
Game324,n,490014376C,n,9400ZZLUWSM4,15082013,1900,a,,,
Game325,p,SW1A 0AA,p,HA9 0WS,15082013,900,a,15082013,1700,d
Game326,p,HA9 0WS,p,SW1A 0AA,15082013,1100,d,,,
Game327,c,530268|179545,c,519090|185732,15082013,1900,d,15082013,900,a
Game328,c,519090|185732,c,530268|179545,15082013,900,a,,,
Game329,n,9400ZZLUWSM4,n,490014376C,15082013,900,a,15082013,1900,d
Game330,n,490014376C,n,9400ZZLUWSM4,15082013,1900,a,,,
Game331,p,SW1A 0AA,p,HA9 0WS,15082013,900,a,15082013,1700,d
Game332,p,HA9 0WS,p,SW1A 0AA,15082013,1100,d,,,
Game333,c,530268|179545,c,519090|185732,15082013,1900,d,15082013,900,a
Game334,c,519090|185732,c,530268|179545,15082013,900,a,,,
Game335,n,9400ZZLUWSM4,n,490014376C,15082013,900,a,15082013,1900,d
Game336,n,490014376C,n,9400ZZLUWSM4,15082013,1900,a,,,
Game337,p,SW1A 0AA,p,HA9 0WS,15082013,900,a,15082013,1700,d
Game338,p,HA9 0WS,p,SW1A 0AA,15082013,1100,d,,,
Game339,c,530268|179545,c,519090|185732,15082013,1900,d,15082013,900,a
Game340,c,519090|185732,c,530268|179545,15082013,900,a,,,
Game341,n,9400ZZLUWSM4,n,490014376C,15082013,900,a,15082013,1900,d
Game342,n,490014376C,n,9400ZZLUWSM4,15082013,1900,a,,,
Game343,p,SW1A 0AA,p,HA9 0WS,15082013,900,a,15082013,1700,d
Game344,p,HA9 0WS,p,SW1A 0AA,15082013,1100,d,,,
Game345,c,530268|179545,c,519090|185732,15082013,1900,d,15082013,900,a
Game346,c,519090|185732,c,530268|179545,15082013,900,a,,,
Game347,n,9400ZZLUWSM4,n,490014376C,15082013,900,a,15082013,1900,d
Game348,n,490014376C,n,9400ZZLUWSM4,15082013,1900,a,,,
Game349,p,SW1A 0AA,p,HA9 0WS,15082013,900,a,15082013,1700,d
Game350,p,HA9 0WS,p,SW1A 0AA,15082013,1100,d,,,
Game351,c,530268|179545,c,519090|185732,15082013,1900,d,15082013,900,a
Game352,c,519090|185732,c,530268|179545,15082013,900,a,,,
Game353,n,9400ZZLUWSM4,n,490014376C,15082013,900,a,15082013,1900,d
Game354,n,490014376C,n,9400ZZLUWSM4,15082013,1900,a,,,
Game355,p,SW1A 0AA,p,HA9 0WS,15082013,900,a,15082013,1700,d
Game356,p,HA9 0WS,p,SW1A 0AA,15082013,1100,d,,,
Game357,c,530268|179545,c,519090|185732,15082013,1900,d,15082013,900,a
Game358,c,519090|185732,c,530268|179545,15082013,900,a,,,
Game359,n,9400ZZLUWSM4,n,490014376C,15082013,900,a,15082013,1900,d
Game360,n,490014376C,n,9400ZZLUWSM4,15082013,1900,a,,,
Game361,p,SW1A 0AA,p,HA9 0WS,15082013,900,a,15082013,1700,d
Game362,p,HA9 0WS,p,SW1A 0AA,15082013,1100,d,,,
Game363,c,530268|179545,c,519090|185732,15082013,1900,d,15082013,900,a
Game364,c,519090|185732,c,530268|179545,15082013,900,a,,,
Game365,n,9400ZZLUWSM4,n,490014376C,15082013,900,a,15082013,1900,d
Game366,n,490014376C,n,9400ZZLUWSM4,15082013,1900,a,,,
Game367,p,SW1A 0AA,p,HA9 0WS,15082013,900,a,15082013,1700,d
Game368,p,HA9 0WS,p,SW1A 0AA,15082013,1100,d,,,
Game369,c,530268|179545,c,519090|185732,15082013,1900,d,15082013,900,a
Game370,c,519090|185732,c,530268|179545,15082013,900,a,,,
Game371,n,9400ZZLUWSM4,n,490014376C,15082013,900,a,15082013,1900,d
Game372,n,490014376C,n,9400ZZLUWSM4,15082013,1900,a,,,
Game373,p,SW1A 0AA,p,HA9 0WS,15082013,900,a,15082013,1700,d
Game374,p,HA9 0WS,p,SW1A 0AA,15082013,1100,d,,,
Game375,c,530268|179545,c,519090|185732,15082013,1900,d,15082013,900,a
Game376,c,519090|185732,c,530268|179545,15082013,900,a,,,
Game377,n,9400ZZLUWSM4,n,490014376C,15082013,900,a,15082013,1900,d
Game378,n,490014376C,n,9400ZZLUWSM4,15082013,1900,a,,,
Game379,p,SW1A 0AA,p,HA9 0WS,15082013,900,a,15082013,1700,d
Game380,p,HA9 0WS,p,SW1A 0AA,15082013,1100,d,,,
Game381,c,530268|179545,c,519090|185732,15082013,1900,d,15082013,900,a
Game382,c,519090|185732,c,530268|179545,15082013,900,a,,,
Game383,n,9400ZZLUWSM4,n,490014376C,15082013,900,a,15082013,1900,d
Game384,n,490014376C,n,9400ZZLUWSM4,15082013,1900,a,,,
Game385,p,SW1A 0AA,p,HA9 0WS,15082013,900,a,15082013,1700,d
Game386,p,HA9 0WS,p,SW1A 0AA,15082013,1100,d,,,
Game387,c,530268|179545,c,519090|185732,15082013,1900,d,15082013,900,a
Game388,c,519090|185732,c,530268|179545,15082013,900,a,,,
Game389,n,9400ZZLUWSM4,n,490014376C,15082013,900,a,15082013,1900,d
Game390,n,490014376C,n,9400ZZLUWSM4,15082013,1900,a,,,
Game391,p,SW1A 0AA,p,HA9 0WS,15082013,900,a,15082013,1700,d
Game392,p,HA9 0WS,p,SW1A 0AA,15082013,1100,d,,,
Game393,c,530268|179545,c,519090|185732,15082013,1900,d,15082013,900,a
Game394,c,519090|185732,c,530268|179545,15082013,900,a,,,
Game395,n,9400ZZLUWSM4,n,490014376C,15082013,900,a,15082013,1900,d
Game396,n,490014376C,n,9400ZZLUWSM4,15082013,1900,a,,,
Game397,p,SW1A 0AA,p,HA9 0WS,15082013,900,a,15082013,1700,d
Game398,p,HA9 0WS,p,SW1A 0AA,15082013,1100,d,,,
Game399,c,530268|179545,c,519090|185732,15082013,1900,d,15082013,900,a
Game400,c,519090|185732,c,530268|179545,15082013,900,a,,,
Game401,n,9400ZZLUWSM4,n,490014376C,15082013,900,a,15082013,1900,d
Game402,n,490014376C,n,9400ZZLUWSM4,15082013,1900,a,,,
Game403,p,SW1A 0AA,p,HA9 0WS,15082013,900,a,15082013,1700,d
Game404,p,HA9 0WS,p,SW1A 0AA,15082013,1100,d,,,
Game405,c,530268|179545,c,519090|185732,15082013,1900,d,15082013,900,a
Game406,c,519090|185732,c,530268|179545,15082013,900,a,,,
Game407,n,9400ZZLUWSM4,n,490014376C,15082013,900,a,15082013,1900,d
Game408,n,490014376C,n,9400ZZLUWSM4,15082013,1900,a,,,
Game409,p,SW1A 0AA,p,HA9 0WS,15082013,900,a,15082013,1700,d
Game410,p,HA9 0WS,p,SW1A 0AA,15082013,1100,d,,,
Game411,c,530268|179545,c,519090|185732,15082013,1900,d,15082013,900,a
Game412,c,519090|185732,c,530268|179545,15082013,900,a,,,
Game413,n,9400ZZLUWSM4,n,490014376C,15082013,900,a,15082013,1900,d
Game414,n,490014376C,n,9400ZZLUWSM4,15082013,1900,a,,,
Game415,p,SW1A 0AA,p,HA9 0WS,15082013,900,a,15082013,1700,d
Game416,p,HA9 0WS,p,SW1A 0AA,15082013,1100,d,,,
Game417,c,530268|179545,c,519090|185732,15082013,1900,d,15082013,900,a
Game418,c,519090|185732,c,530268|179545,15082013,900,a,,,
Game419,n,9400ZZLUWSM4,n,490014376C,15082013,900,a,15082013,1900,d
Game420,n,490014376C,n,9400ZZLUWSM4,15082013,1900,a,,,
Game421,p,SW1A 0AA,p,HA9 0WS,15082013,900,a,15082013,1700,d
Game422,p,HA9 0WS,p,SW1A 0AA,15082013,1100,d,,,
Game423,c,530268|179545,c,519090|185732,15082013,1900,d,15082013,900,a
Game424,c,519090|185732,c,530268|179545,15082013,900,a,,,
Game425,n,9400ZZLUWSM4,n,490014376C,15082013,900,a,15082013,1900,d
Game426,n,490014376C,n,9400ZZLUWSM4,15082013,1900,a,,,
Game427,p,SW1A 0AA,p,HA9 0WS,15082013,900,a,15082013,1700,d
Game428,p,HA9 0WS,p,SW1A 0AA,15082013,1100,d,,,
Game429,c,530268|179545,c,519090|185732,15082013,1900,d,15082013,900,a
Game430,c,519090|185732,c,530268|179545,15082013,900,a,,,
Game431,n,9400ZZLUWSM4,n,490014376C,15082013,900,a,15082013,1900,d
Game432,n,490014376C,n,9400ZZLUWSM4,15082013,1900,a,,,
Game433,p,SW1A 0AA,p,HA9 0WS,15082013,900,a,15082013,1700,d
Game434,p,HA9 0WS,p,SW1A 0AA,15082013,1100,d,,,
Game435,c,530268|179545,c,519090|185732,15082013,1900,d,15082013,900,a
Game436,c,519090|185732,c,530268|179545,15082013,900,a,,,
Game437,n,9400ZZLUWSM4,n,490014376C,15082013,900,a,15082013,1900,d
Game438,n,490014376C,n,9400ZZLUWSM4,15082013,1900,a,,,
Game439,p,SW1A 0AA,p,HA9 0WS,15082013,900,a,15082013,1700,d
Game440,p,HA9 0WS,p,SW1A 0AA,15082013,1100,d,,,
Game441,c,530268|179545,c,519090|185732,15082013,1900,d,15082013,900,a
Game442,c,519090|185732,c,530268|179545,15082013,900,a,,,
Game443,n,9400ZZLUWSM4,n,490014376C,15082013,900,a,15082013,1900,d
Game444,n,490014376C,n,9400ZZLUWSM4,15082013,1900,a,,,
Game445,p,SW1A 0AA,p,HA9 0WS,15082013,900,a,15082013,1700,d
Game446,p,HA9 0WS,p,SW1A 0AA,15082013,1100,d,,,
Game447,c,530268|179545,c,519090|185732,15082013,1900,d,15082013,900,a
Game448,c,519090|185732,c,530268|179545,15082013,900,a,,,
Game449,n,9400ZZLUWSM4,n,490014376C,15082013,900,a,15082013,1900,d
Game450,n,490014376C,n,9400ZZLUWSM4,15082013,1900,a,,,
Game451,p,SW1A 0AA,p,HA9 0WS,15082013,900,a,15082013,1700,d
Game452,p,HA9 0WS,p,SW1A 0AA,15082013,1100,d,,,
Game453,c,530268|179545,c,519090|185732,15082013,1900,d,15082013,900,a
Game454,c,519090|185732,c,530268|179545,15082013,900,a,,,
Game455,n,9400ZZLUWSM4,n,490014376C,15082013,900,a,15082013,1900,d
Game456,n,490014376C,n,9400ZZLUWSM4,15082013,1900,a,,,
Game457,p,SW1A 0AA,p,HA9 0WS,15082013,900,a,15082013,1700,d
Game458,p,HA9 0WS,p,SW1A 0AA,15082013,1100,d,,,
Game459,c,530268|179545,c,519090|185732,15082013,1900,d,15082013,900,a
Game460,c,519090|185732,c,530268|179545,15082013,900,a,,,
Game461,n,9400ZZLUWSM4,n,490014376C,15082013,900,a,15082013,1900,d
Game462,n,490014376C,n,9400ZZLUWSM4,15082013,1900,a,,,
Game463,p,SW1A 0AA,p,HA9 0WS,15082013,900,a,15082013,1700,d
Game464,p,HA9 0WS,p,SW1A 0AA,15082013,1100,d,,,
Game465,c,530268|179545,c,519090|185732,15082013,1900,d,15082013,900,a
Game466,c,519090|185732,c,530268|179545,15082013,900,a,,,
Game467,n,9400ZZLUWSM4,n,490014376C,15082013,900,a,15082013,1900,d
Game468,n,490014376C,n,9400ZZLUWSM4,15082013,1900,a,,,
Game469,p,SW1A 0AA,p,HA9 0WS,15082013,900,a,15082013,1700,d
Game470,p,HA9 0WS,p,SW1A 0AA,15082013,1100,d,,,
Game471,c,530268|179545,c,519090|185732,15082013,1900,d,15082013,900,a
Game472,c,519090|185732,c,530268|179545,15082013,900,a,,,
Game473,n,9400ZZLUWSM4,n,490014376C,15082013,900,a,15082013,1900,d
Game474,n,490014376C,n,9400ZZLUWSM4,15082013,1900,a,,,
Game475,p,SW1A 0AA,p,HA9 0WS,15082013,900,a,15082013,1700,d
Game476,p,HA9 0WS,p,SW1A 0AA,15082013,1100,d,,,
Game477,c,530268|179545,c,519090|185732,15082013,1900,d,15082013,900,a
Game478,c,519090|185732,c,530268|179545,15082013,900,a,,,
Game479,n,9400ZZLUWSM4,n,490014376C,15082013,900,a,15082013,1900,d
Game480,n,490014376C,n,9400ZZLUWSM4,15082013,1900,a,,,
Game481,p,SW1A 0AA,p,HA9 0WS,15082013,900,a,15082013,1700,d
Game482,p,HA9 0WS,p,SW1A 0AA,15082013,1100,d,,,
Game483,c,530268|179545,c,519090|185732,15082013,1900,d,15082013,900,a
Game484,c,519090|185732,c,530268|179545,15082013,900,a,,,
Game485,n,9400ZZLUWSM4,n,490014376C,15082013,900,a,15082013,1900,d
Game486,n,490014376C,n,9400ZZLUWSM4,15082013,1900,a,,,
Game487,p,SW1A 0AA,p,HA9 0WS,15082013,900,a,15082013,1700,d
Game488,p,HA9 0WS,p,SW1A 0AA,15082013,1100,d,,,
Game489,c,530268|179545,c,519090|185732,15082013,1900,d,15082013,900,a
Game490,c,519090|185732,c,530268|179545,15082013,900,a,,,
Game491,n,9400ZZLUWSM4,n,490014376C,15082013,900,a,15082013,1900,d
Game492,n,490014376C,n,9400ZZLUWSM4,15082013,1900,a,,,
Game493,p,SW1A 0AA,p,HA9 0WS,15082013,900,a,15082013,1700,d
Game494,p,HA9 0WS,p,SW1A 0AA,15082013,1100,d,,,
Game495,c,530268|179545,c,519090|185732,15082013,1900,d,15082013,900,a
Game496,c,519090|185732,c,530268|179545,15082013,900,a,,,
Game497,n,9400ZZLUWSM4,n,490014376C,15082013,900,a,15082013,1900,d
Game498,n,490014376C,n,9400ZZLUWSM4,15082013,1900,a,,,
Game499,p,SW1A 0AA,p,HA9 0WS,15082013,900,a,15082013,1700,d
Game500,p,HA9 0WS,p,SW1A 0AA,15082013,1100,d,,,
Game501,p,SW1A 0AA,p,HA9 0WS,15082013,900,a,15082013,1700,d