<?xml version="1.0" encoding="utf-8"?>
<soap:Envelope xmlns:xsi="http://www.w3.org/2001/XMLSchema-instance" xmlns:xsd="http://www.w3.org/2001/XMLSchema" xmlns:soap="http://schemas.xmlsoap.org/soap/envelope/">
  <soap:Body>
    <GetTravelNewsRegion xmlns="http://www.transportdirect.info/TransportDirect.EnhancedExposedServices.TravelNews.V1">
     <transactionId>GetTravelNewsRegionTransactionId12323</transactionId>
      <language>en-GB</language>
      <travelLineRegion>South West</travelLineRegion>
    </GetTravelNewsRegion>
  </soap:Body>
</soap:Envelope>