<?xml version="1.0" encoding="utf-8" ?>
	<DataFeedInfo xmlns:xsi="http://www.w3.org/2001/XMLSchema-instance"
	xsi:schemaLocation="http://www.transportdirect.info/datafeedinfo http://localhost/datafeedinfo.xsd"
	xmlns="http://www.transportdirect.info/datafeedinfo" version="1.0">
		<SupplierID>033</SupplierID>
	<InterfaceNumber version="02">IF092</InterfaceNumber>
	<TimePrepared>2009-06-03T20:03:55</TimePrepared>
		<DataFeed isPresent="Y">
		<Filename>dlsu.dat</Filename>
	</DataFeed>
</DataFeedInfo>
