NaPTAN,DepartureBoard,ArrivalsBoard,GeneralInformation
9200ABZ,http://www.aberdeenairport.com/portal/page/ABZ%5EFlight+Information%5ELive+Flight+Departures/,http://www.aberdeenairport.com/portal/page/ABZ%5EFlight+Information%5ELive+Flight+Arrivals/,http://www.aberdeenairport.com/
9200ABZ1,http://www.aberdeenairport.com/portal/page/ABZ%5EFlight+Information%5ELive+Flight+Departures/,http://www.aberdeenairport.com/portal/page/ABZ%5EFlight+Information%5ELive+Flight+Arrivals/,http://www.aberdeenairport.com/
9200BEB,,,http://www.hial.co.uk/benbecula-airport.html
9200BEB1,,,http://www.hial.co.uk/benbecula-airport.html
9200BHX,http://www.bhx.co.uk/page.aspx?type=T0NaZj9WNoU=&id=KF6Bw2o1WuQ=,http://www.bhx.co.uk/page.aspx?type=T0NaZj9WNoU=&id=KF6Bw2o1WuQ=,http://www.bhx.co.uk
9200BHX1,http://www.bhx.co.uk/page.aspx?type=T0NaZj9WNoU=&id=KF6Bw2o1WuQ=,http://www.bhx.co.uk/page.aspx?type=T0NaZj9WNoU=&id=KF6Bw2o1WuQ=,http://www.bhx.co.uk
9200BHX2,http://www.bhx.co.uk/page.aspx?type=T0NaZj9WNoU=&id=KF6Bw2o1WuQ=,http://www.bhx.co.uk/page.aspx?type=T0NaZj9WNoU=&id=KF6Bw2o1WuQ=,http://www.bhx.co.uk
9200BLK,http://www.blackpoolinternational.com/live-flight.php,http://www.blackpoolinternational.com/live-flight.php,http://www.blackpoolinternational.com/
9200BLK1,http://www.blackpoolinternational.com/live-flight.php,http://www.blackpoolinternational.com/live-flight.php,http://www.blackpoolinternational.com/
9200BOH,http://www.bournemouthairport.com/cms/7/arrivals-departures.html,http://www.bournemouthairport.com/cms/7/arrivals-departures.html,http://www.bournemouthairport.com/cms/1/home.html
9200BOH1,http://www.bournemouthairport.com/cms/7/arrivals-departures.html,http://www.bournemouthairport.com/cms/7/arrivals-departures.html,http://www.bournemouthairport.com/cms/1/home.html
9200BRR,,,http://www.hial.co.uk/barra-airport.html
9200BRR1,,,http://www.hial.co.uk/barra-airport.html
9200BRS,http://www.bristolairport.co.uk/flight_information/departures_board.aspx,http://www.bristolairport.co.uk/flight_information/arrivals_board.aspx,http://www.bristolairport.co.uk
9200BRS1,http://www.bristolairport.co.uk/flight_information/departures_board.aspx,http://www.bristolairport.co.uk/flight_information/arrivals_board.aspx,http://www.bristolairport.co.uk
9200CAL,,,http://www.hial.co.uk/campbeltown-airport.html
9200CAL1,,,http://www.hial.co.uk/campbeltown-airport.html
9200CVT,http://www.coventryairport.co.uk/flightinfo/departures/,http://www.coventryairport.co.uk/flightinfo/arrivals/,http://www.coventryairport.co.uk/
9200CVT1,http://www.coventryairport.co.uk/flightinfo/departures/,http://www.coventryairport.co.uk/flightinfo/arrivals/,http://www.coventryairport.co.uk/
9200CWL,http://info.cwlfly.com/en/flights/?action=departures,http://info.cwlfly.com/en/flights/?action=arrivals,http://www.cwlfly.com/
9200CWL1,http://info.cwlfly.com/en/flights/?action=departures,http://info.cwlfly.com/en/flights/?action=arrivals,http://www.cwlfly.com/
9200DCS,http://www.robinhoodairport.com/page_flight_departures_68.html,http://www.robinhoodairport.com/page_flight_arrivals_30.html,http://www.robinhoodairport.com/
9200DCS1,http://www.robinhoodairport.com/page_flight_departures_68.html,http://www.robinhoodairport.com/page_flight_arrivals_30.html,http://www.robinhoodairport.com/
9200DND,,,http://www.dundeecity.gov.uk/airport/main.htm
9200DND1,,,http://www.dundeecity.gov.uk/airport/main.htm
9200EDI,http://www.edinburghairport.com/portal/page/EDI%5EFlight+Information%5ELive+Flight+Departures/,http://www.edinburghairport.com/portal/page/EDI%5EFlight+Information%5ELive+Flight+Arrivals/,http://www.edinburghairport.com/
9200EDI1,http://www.edinburghairport.com/portal/page/EDI%5EFlight+Information%5ELive+Flight+Departures/,http://www.edinburghairport.com/portal/page/EDI%5EFlight+Information%5ELive+Flight+Arrivals/,http://www.edinburghairport.com/
9200EMA,http://www.eastmidlandsairport.com/cms/8/arrivals-departures.html,http://www.eastmidlandsairport.com/cms/8/arrivals-departures.html,http://www.eastmidlandsairport.com
9200EMA1,http://www.eastmidlandsairport.com/cms/8/arrivals-departures.html,http://www.eastmidlandsairport.com/cms/8/arrivals-departures.html,http://www.eastmidlandsairport.com
9200EXT,http://www.exeter-airport.co.uk/site/1/Flight_Departures.html,http://www.exeter-airport.co.uk/site/1/Flight_Arrivals.html,http://www.exeter-airport.co.uk/site/1/Airport_Facilities.html
9200EXT1,http://www.exeter-airport.co.uk/site/1/Flight_Departures.html,http://www.exeter-airport.co.uk/site/1/Flight_Arrivals.html,http://www.exeter-airport.co.uk/site/1/Airport_Facilities.html
9200FIE,,,
9200FIE1,,,
9200GLA,http://www.glasgowairport.com/portal/page/GLA%5EFlight+Information%5ELive+Flight+Departures/,http://www.glasgowairport.com/portal/page/GLA%5EFlight+Information%5ELive+Flight+Arrivals/,http://www.glasgowairport.com/
9200GLA1,http://www.glasgowairport.com/portal/page/GLA%5EFlight+Information%5ELive+Flight+Departures/,http://www.glasgowairport.com/portal/page/GLA%5EFlight+Information%5ELive+Flight+Arrivals/,http://www.glasgowairport.com/
9200GLO,,,http://www.gloucestershireairport.co.uk/
9200GLO1,,,http://www.gloucestershireairport.co.uk/
9200HUY,http://www.humbersideairport.com/cms/7/arrivals-departures.html,http://www.humbersideairport.com/cms/7/arrivals-departures.html,http://www.humbersideairport.com/cms/1/home.html
9200HUY1,http://www.humbersideairport.com/cms/7/arrivals-departures.html,http://www.humbersideairport.com/cms/7/arrivals-departures.html,http://www.humbersideairport.com/cms/1/home.html
9200ILY,,,http://www.hial.co.uk/islay-airport.html
9200ILY,,,http://www.hial.co.uk/islay-airport.html
9200INV,http://www.hial.co.uk/inverness-flights.html,http://www.hial.co.uk/inverness-flights.html,http://www.hial.co.uk/inverness-airport.html
9200INV1,http://www.hial.co.uk/inverness-flights.html,http://www.hial.co.uk/inverness-flights.html,http://www.hial.co.uk/inverness-airport.html
9200ISC,,,
9200ISC1,,,
9200KOI,http://www.hial.co.uk/Kirkwall-flights.html,http://www.hial.co.uk/Kirkwall-flights.html,http://www.hial.co.uk/kirkwall-airport.html
9200KOI1,http://www.hial.co.uk/Kirkwall-flights.html,http://www.hial.co.uk/Kirkwall-flights.html,http://www.hial.co.uk/kirkwall-airport.html
9200LBA,http://www.lbia.co.uk/#,http://www.lbia.co.uk/#,http://www.lbia.co.uk/
9200LBA1,http://www.lbia.co.uk/#,http://www.lbia.co.uk/#,http://www.lbia.co.uk/
9200LCY,http://www.londoncityairport.com/index.php?mode=fids&action=departures,http://www.londoncityairport.com/index.php?mode=fids&action=arrivals,http://www.londoncityairport.com/
9200LCY1,http://www.londoncityairport.com/index.php?mode=fids&action=departures,http://www.londoncityairport.com/index.php?mode=fids&action=arrivals,http://www.londoncityairport.com/
9200LEQ,,,http://www.islesofscilly-travel.co.uk/leq/
9200LEQ1,,,http://www.islesofscilly-travel.co.uk/leq/
9200LGW,http://www.gatwickairport.com/portal/page/LGW%5EFlight+Information%5ELive+Flight+Departures/,http://www.gatwickairport.com/portal/page/LGW%5EFlight+Information%5ELive+Flight+Arrivals/,http://www.gatwickairport.com/
9200LGW1,http://www.gatwickairport.com/portal/page/LGW%5EFlight+Information%5ELive+Flight+Departures/,http://www.gatwickairport.com/portal/page/LGW%5EFlight+Information%5ELive+Flight+Arrivals/,http://www.gatwickairport.com/
9200LGW2,http://www.gatwickairport.com/portal/page/LGW%5EFlight+Information%5ELive+Flight+Departures/,http://www.gatwickairport.com/portal/page/LGW%5EFlight+Information%5ELive+Flight+Arrivals/,http://www.gatwickairport.com/
9200LHR,,,http://www.heathrowairport.com/
9200LHR1,,,http://www.heathrowairport.com/
9200LHR2,,,http://www.heathrowairport.com/
9200LHR3,,,http://www.heathrowairport.com/
9200LHR4,,,http://www.heathrowairport.com/
9200LPL,http://www.liverpoolairport.com/page.php?p=79,http://www.liverpoolairport.com/page.php?p=30,http://www.liverpoolairport.com/
9200LPL1,http://www.liverpoolairport.com/page.php?p=79,http://www.liverpoolairport.com/page.php?p=30,http://www.liverpoolairport.com/
9200LSI,,,http://www.hial.co.uk/sumburgh-airport.html
9200LSI1,,,http://www.hial.co.uk/sumburgh-airport.html
9200LTN,http://www.london-luton.co.uk/en/flights/?action=departures,http://www.london-luton.co.uk/en/flights/?action=arrivals,http://www.london-luton.co.uk/en/
9200LTN1,http://www.london-luton.co.uk/en/flights/?action=departures,http://www.london-luton.co.uk/en/flights/?action=arrivals,http://www.london-luton.co.uk/en/
9200LWK,,,
9200LWK1,,,
9200LYX,,,http://www.lydd-airport.co.uk/
9200LYX1,,,http://www.lydd-airport.co.uk/
9200MAN,http://www.manchesterairport.co.uk/app/ADSearch?searchAirport=&searchType=D&cb=1193913522279&page=1&ipp=10,http://www.manchesterairport.co.uk/app/ADSearch?searchAirport=&searchType=D&cb=1193913522279&page=1&ipp=10,http://www.manchesterairport.co.uk/web.nsf
9200MAN1,http://www.manchesterairport.co.uk/app/ADSearch?searchAirport=&searchType=D&cb=1193913522279&page=1&ipp=10,http://www.manchesterairport.co.uk/app/ADSearch?searchAirport=&searchType=D&cb=1193913522279&page=1&ipp=10,http://www.manchesterairport.co.uk/web.nsf
9200MAN2,http://www.manchesterairport.co.uk/app/ADSearch?searchAirport=&searchType=D&cb=1193913522279&page=1&ipp=10,http://www.manchesterairport.co.uk/app/ADSearch?searchAirport=&searchType=D&cb=1193913522279&page=1&ipp=10,http://www.manchesterairport.co.uk/web.nsf
9200MAN3,http://www.manchesterairport.co.uk/app/ADSearch?searchAirport=&searchType=D&cb=1193913522279&page=1&ipp=10,http://www.manchesterairport.co.uk/app/ADSearch?searchAirport=&searchType=D&cb=1193913522279&page=1&ipp=10,http://www.manchesterairport.co.uk/web.nsf
9200MME,http://www.durhamteesvalleyairport.com/page.php?p=30&show=departures,http://www.durhamteesvalleyairport.com/page.php?p=30&show=arrivals,http://www.durhamteesvalleyairport.com/
9200MME1,http://www.durhamteesvalleyairport.com/page.php?p=30&show=departures,http://www.durhamteesvalleyairport.com/page.php?p=30&show=arrivals,http://www.durhamteesvalleyairport.com/
9200MSE,http://daisy.kia-m.com/,http://daisy.kia-m.com/,http://www.kentinternationalairport-manston.com/
9200MSE1,http://daisy.kia-m.com/,http://daisy.kia-m.com/,http://www.kentinternationalairport-manston.com/
9200NCL,http://www.newcastleairport.com/ArrDep/Departures.htm,http://www.newcastleairport.com/ArrDep/Arrivals.htm,http://www.newcastleairport.com/
9200NCL1,http://www.newcastleairport.com/ArrDep/Departures.htm,http://www.newcastleairport.com/ArrDep/Arrivals.htm,http://www.newcastleairport.com/
9200NQY,,,
9200NQY1,,,
9200NRL,,,
9200NRL1,,,
9200NWI,http://www.norwichairport.co.uk/arrivals/departures.asp,http://www.norwichairport.co.uk/arrivals/arrivals.asp,http://www.norwichairport.co.uk/
9200NWI1,http://www.norwichairport.co.uk/arrivals/departures.asp,http://www.norwichairport.co.uk/arrivals/arrivals.asp,http://www.norwichairport.co.uk/
9200PIK,http://www.gpia.co.uk/FlightInfo/departures.asp,http://www.gpia.co.uk/FlightInfo/arrivals.asp,http://www.gpia.co.uk/
9200PIK1,http://www.gpia.co.uk/FlightInfo/departures.asp,http://www.gpia.co.uk/FlightInfo/arrivals.asp,http://www.gpia.co.uk/
9200PLH,,,http://www.plymouthairport.com/
9200PLH1,,,http://www.plymouthairport.com/
9200PPW,,,
9200PPW1,,,
9200PZE,,,
9200PZE1,,,
9200SCS,,,
9200SCS1,,,
9200SEN,,,http://www.southendairport.com/
9200SEN1,,,http://www.southendairport.com/
9200SOU,http://www.southamptonairport.com/portal/page/SOU%5EFlight+Information%5ELive+Flight+Departures/,http://www.southamptonairport.com/portal/page/SOU%5EFlight+Information%5ELive+Flight+Arrivals/,http://www.southamptonairport.com/
9200SOU1,http://www.southamptonairport.com/portal/page/SOU%5EFlight+Information%5ELive+Flight+Departures/,http://www.southamptonairport.com/portal/page/SOU%5EFlight+Information%5ELive+Flight+Arrivals/,http://www.southamptonairport.com/
9200SOY,,,
9200SOY1,,,
9200STN,http://www.stanstedairport.com/portal/page/STN%5EFlight+Information%5ELive+Flight+Departures/,http://www.stanstedairport.com/portal/page/STN%5EFlight+Information%5ELive+Flight+Arrivals/,http://www.stanstedairport.com/
9200STN1,http://www.stanstedairport.com/portal/page/STN%5EFlight+Information%5ELive+Flight+Departures/,http://www.stanstedairport.com/portal/page/STN%5EFlight+Information%5ELive+Flight+Arrivals/,http://www.stanstedairport.com/
9200SWS,,,http://www.swanseaairport.com/
9200SWS1,,,http://www.swanseaairport.com/
9200SYY,http://www.hial.co.uk/stornoway-flights.html,http://www.hial.co.uk/stornoway-flights.html,http://www.hial.co.uk/stornoway-airport.html
9200SYY1,http://www.hial.co.uk/stornoway-flights.html,http://www.hial.co.uk/stornoway-flights.html,http://www.hial.co.uk/stornoway-airport.html
9200TRE,,,http://www.hial.co.uk/tiree-airport.html
9200TRE1,,,http://www.hial.co.uk/tiree-airport.html
9200TSO,,,
9200TSO1,,,
9200UNT,,,
9200UNT1,,,
9200WIC,,,http://www.hial.co.uk/wick-airport.html
9200WIC1,,,http://www.hial.co.uk/wick-airport.html
9200WRY,,,
9200WRY1,,,
9200SZD,,,http://www.sheffieldcityairport.co.uk/
9200SZD1,,,http://www.sheffieldcityairport.co.uk/
9200CBG,,,http://www.cambridgecityairport.com/
9200CBG1,,,http://www.cambridgecityairport.com/
9200BQH,,,http://www.bigginhillairport.com/
9200BQH1,,,http://www.bigginhillairport.com/
9200ESH,http://www.shorehamairport.co.uk/live-flight.asp,http://www.shorehamairport.co.uk/live-flight.asp,http://www.shorehamairport.co.uk/default.asp
9200ESH1,http://www.shorehamairport.co.uk/live-flight.asp,http://www.shorehamairport.co.uk/live-flight.asp,http://www.shorehamairport.co.uk/default.asp
9200B421,,,http://www.londonheliport.co.uk/
9200B421,,,http://www.londonheliport.co.uk/
9200BBP,,,
9200BBP1,,,
9200BWF,,,
9200BWF1,,,
9200CAX,,,http://www.carlisleairport.co.uk/
9200CAX1,,,http://www.carlisleairport.co.uk/
9200CEG,,,http://www.chesterairport.co.uk/
9200CEG1,,,http://www.chesterairport.co.uk/
9200GBN,,,
9200GBN1,,,
9200NDY,,,
9200NDY1,,,
9200OUK,,,
9200OUK1,,,
9200OXF,,,http://www.oxfordairport.co.uk/
9200OXF1,,,http://www.oxfordairport.co.uk/
9200PSL,,,
9200PSL1,,,
9200PSV,,,
9200PSV1,,,
9200WHS,,,
9200WHS1,,,
9200FOA,,,
9200FOA1,,,
9200FZO,http://www.bristolfilton.co.uk/arrivals_departures/,http://www.bristolfilton.co.uk/arrivals_departures/,http://www.bristolfilton.co.uk/
9200FZO1,http://www.bristolfilton.co.uk/arrivals_departures/,http://www.bristolfilton.co.uk/arrivals_departures/,http://www.bristolfilton.co.uk/
9200VLY,,,http://www.angleseyairport.com/
9200VLY1,,,http://www.angleseyairport.com/
