<?xml version="1.0"?>
<SJPCycleParkLocations xmlns:xsi="http://www.w3.org/2001/XMLSchema-instance"
    xsi:schemaLocation="http://www.transportdirect.info/SJPCycleParkLocations SJPCycleParkLocations.xsd"
    xmlns="http://www.transportdirect.info/SJPCycleParkLocations"
    xmlns:nap="http://www.naptan.org.uk/" xmlns:xs="http://www.w3.org/2001/XMLSchema"
    xmlns:oda="http://www.london2012.com/">
    
    <!--
        CHANGES IN V0.2
            - Amended map links to be PDFs
        CHANGES IN V0.3
            - Amnded Olympic Park data
            - Added Excel
            - Added North Greenwich Arena & Royal Artillery Barracks
            - Added London Venues
            - Added Out of London Venues
            - Added Football Venues
        CHANGES IN V0.4
            - Removed Cycle Parks at Central London venues
            - Removed James Wolfe Primary School for Greenwich Park
        CHANGES IN V0.5
            - removed Cycle Parks at City of Coventry and St James Park (Newcastle)
            - amended cycle parks at Hampden Park, Millennium Stadium and Old Trafford
        CHANGES IN V0.6
            - Change names to make them less cumbersome and to match maps e.g. "Greenwich Park London 2012 event cycle parking (Old Naval College)"
              becomes "Old Naval College"
            - Adjusted coordinates in line with CG comments to give correct routing to parking in SJP
            - Added additional cycle park in Weymouth, and moved existing cycle park to Barrack Road
        CHANGES IN V0.7
            - Removed additional digit from Eton Dorney Big Meadow cycle park (initial "4" on easting was duplicated)
        CHANGES IN V0.8
            - Olympic Park opening dates adjusted to include 27/07/12 (opening ceremony)
        CHANGES IN V0.9
            - Amended coordinate for cycle parking at Lords Cricket Ground
        CHANGES IN V0.10
            - Victoria Park cycle parking now split into two nearly identical entries, as gate pointed to is different for opening ceremonies to normal operation
            - All venues now have availability conditions and, where appropriate, conditions for Paralympics as well as Olympics.
            - Olympic Park NSTM Cycle Parking is being shown as closed for opening ceremony, as not realistic to walk from there to eastern gate
            - Standardised naming e.g. XYZ Cycle Parking.
        CHANGES IN V0.11
            - Amended Olympic Games Opening Ceremony Availability Condition - DaysOfWeek was set to Tuesday on a Friday, rather than being "Everyday" 
        CHANGES IN V0.12
            - Amended name of Wimbledon Cricket Club, which had missed the "Cycle Parking" standardisation from v0.10
            - Split avaialbility conditions at Excel to be pre and post midnight
        CHANGES IN V0.13
            - Reverted the availability condition split at Excel
        CHANGES IN V1.0
            - Added and amended cycle parking at various football venues. Also adjusted opening times as start pre-opening ceremony
            - Amended names of OPK cycle parks
            - Added cycle parking for Brands Hatch and Hampton Court Palace
            - Added cycle parking for Weymouth Live (Olympics - status of Paralympics still not known)
            - Added Victoria Park as cycle park for Victoria Park Live Site
            - Minor textual change from "Cycle Parking" to "cycle parking"
            - Updated URLs to reflect Games-time website locations
        CHANGES IN V1.1
            - Victoria Park Cycle Park is now closed (for OPK) during the Opening ceremony. It remains open for VPL though.
            - Amended cycle park map URL for Brands Hatch to reflect travel map rather than venue map
            - Changed the names of a number of Weymouth cycle parks to reflect what is on maps. Also adjusted some coordinates.
            - Changed name of Greenway cycle parking at OPK to Abbey Lane cycle parking, and adjusted coordinates
            - Changed location of ExCeL cycle parking. Corresponding adjustment to time from exit to park
            - Amended name and location of Hampton Court cycle parking
            - Amended Greenwich so that Talbot Place points to same gate on all days.
        CHANGES IN V1.2
            - Victoria Park Live Site required an amendment on validity conditions as it wasn't being allowed for Opening Ceremonies
              (copy and paste error from the definitions for OPK)
            - Further amendment to close the Victoria Park and Eton Manor cycle parking (for OPK) for the closing ceremony days
        CHANGES IN V1.3
            - Added Central London cycle parks.
    -->        
    
    <!-- OLYMPIC PARK -->
    <OlympicVenue>
        <VenueName>Olympic Park</VenueName>
        <VenueNaPTAN>8100OPK</VenueNaPTAN>
        <VenueCycleParkingMapURL>http://www.london2012.com/mm/Document/Documents/Venue/01/24/06/52/travel-to-olympic-park-o_Neutral.pdf</VenueCycleParkingMapURL>
        <OlympicCyclePark>
            <CycleParkID>OPKCYC01</CycleParkID>
            <CycleParkName>Victoria Park cycle parking</CycleParkName>
            <CycleFromCoordinate>
                <Easting>536730</Easting>
                <Northing>184390</Northing>
            </CycleFromCoordinate>
            <CycleToCoordinate>
                <Easting>536730</Easting>
                <Northing>184390</Northing>
            </CycleToCoordinate>
            <VenueGatesToBeUsed>
                <WalkToGateDuration>00:10:00</WalkToGateDuration>
                <VenueEntranceGate>8100OPKgW</VenueEntranceGate>
            </VenueGatesToBeUsed>
            <NumberOfSpaces>4000</NumberOfSpaces>
            <AvailabilityConditions>
                <AvailabilityCondition>
                    <AvailabilityID>OPK_CY01_AO_002</AvailabilityID>
                    <FromDate>2012-07-28</FromDate>
                    <ToDate>2012-08-11</ToDate>
                    <DaysOfWeek>Everyday</DaysOfWeek>
                    <DailyOpeningTime>07:00:00</DailyOpeningTime>
                    <DailyClosingTime>23:00:00</DailyClosingTime>
                </AvailabilityCondition>
                <AvailabilityCondition>
                    <AvailabilityID>OPK_CY01_AP_002</AvailabilityID>
                    <FromDate>2012-08-30</FromDate>
                    <ToDate>2012-09-08</ToDate>
                    <DaysOfWeek>Everyday</DaysOfWeek>
                    <DailyOpeningTime>07:00:00</DailyOpeningTime>
                    <DailyClosingTime>23:00:00</DailyClosingTime>
                </AvailabilityCondition>
            </AvailabilityConditions>
        </OlympicCyclePark>
        <OlympicCyclePark>
            <CycleParkID>OPKCYC02</CycleParkID>
            <CycleParkName>Eton Manor cycle parking</CycleParkName>
            <CycleFromCoordinate>
                <Easting>537030</Easting>
                <Northing>185837</Northing>
            </CycleFromCoordinate>
            <CycleToCoordinate>
                <Easting>537030</Easting>
                <Northing>185837</Northing>
            </CycleToCoordinate>
            <VenueGatesToBeUsed>
                <WalkToGateDuration>00:05:00</WalkToGateDuration>
                <VenueEntranceGate>8100OPKgN</VenueEntranceGate>
            </VenueGatesToBeUsed>
            <NumberOfSpaces>2000</NumberOfSpaces>
            <AvailabilityConditions>
                <AvailabilityCondition>
                    <AvailabilityID>OPK_CY02_AO_002</AvailabilityID>
                    <FromDate>2012-07-28</FromDate>
                    <ToDate>2012-08-11</ToDate>
                    <DaysOfWeek>Everyday</DaysOfWeek>
                    <DailyOpeningTime>07:00:00</DailyOpeningTime>
                    <DailyClosingTime>23:00:00</DailyClosingTime>
                </AvailabilityCondition>
                <AvailabilityCondition>
                    <AvailabilityID>OPK_CY02_AP_002</AvailabilityID>
                    <FromDate>2012-09-09</FromDate>
                    <ToDate>2012-09-09</ToDate>
                    <DaysOfWeek>Everyday</DaysOfWeek>
                    <DailyOpeningTime>07:00:00</DailyOpeningTime>
                    <DailyClosingTime>15:00:00</DailyClosingTime>
                </AvailabilityCondition>
            </AvailabilityConditions>
        </OlympicCyclePark>
        <OlympicCyclePark>
            <CycleParkID>OPKCYC03</CycleParkID>
            <CycleParkName>Abbey Lane cycle parking</CycleParkName>
            <CycleFromCoordinate>
                <Easting>538453</Easting>
                <Northing>183421</Northing>
            </CycleFromCoordinate>
            <CycleToCoordinate>
                <Easting>538453</Easting>
                <Northing>183421</Northing>
            </CycleToCoordinate>
            <VenueGatesToBeUsed>
                <WalkToGateDuration>00:05:00</WalkToGateDuration>
                <VenueEntranceGate>8100OPKgS</VenueEntranceGate>
            </VenueGatesToBeUsed>
            <NumberOfSpaces>800</NumberOfSpaces>
            <AvailabilityConditions>
                <AvailabilityCondition>
                    <AvailabilityID>OPK_CY03_AO_001</AvailabilityID>
                    <FromDate>2012-07-27</FromDate>
                    <ToDate>2012-07-27</ToDate>
                    <DaysOfWeek>Everyday</DaysOfWeek>
                    <DailyOpeningTime>15:00:00</DailyOpeningTime>
                    <DailyClosingTime>23:00:00</DailyClosingTime>
                </AvailabilityCondition>
                <AvailabilityCondition>
                    <AvailabilityID>OPK_CY03_AO_002</AvailabilityID>
                    <FromDate>2012-07-28</FromDate>
                    <ToDate>2012-08-12</ToDate>
                    <DaysOfWeek>Everyday</DaysOfWeek>
                    <DailyOpeningTime>07:00:00</DailyOpeningTime>
                    <DailyClosingTime>23:00:00</DailyClosingTime>
                </AvailabilityCondition>
                <AvailabilityCondition>
                    <AvailabilityID>OPK_CY03_AP_001</AvailabilityID>
                    <FromDate>2012-08-29</FromDate>
                    <ToDate>2012-08-29</ToDate>
                    <DaysOfWeek>Everyday</DaysOfWeek>
                    <DailyOpeningTime>07:00:00</DailyOpeningTime>
                    <DailyClosingTime>23:00:00</DailyClosingTime>
                </AvailabilityCondition>
                <AvailabilityCondition>
                    <AvailabilityID>OPK_CY03_AP_002</AvailabilityID>
                    <FromDate>2012-08-30</FromDate>
                    <ToDate>2012-09-09</ToDate>
                    <DaysOfWeek>Everyday</DaysOfWeek>
                    <DailyOpeningTime>07:00:00</DailyOpeningTime>
                    <DailyClosingTime>23:00:00</DailyClosingTime>
                </AvailabilityCondition>
            </AvailabilityConditions>
        </OlympicCyclePark>
    </OlympicVenue>
    
    <!-- RIVER ZONE VENUES -->
    <!-- EXCEL -->
    <OlympicVenue>
        <VenueName>ExCeL</VenueName>
        <VenueNaPTAN>8100EXL</VenueNaPTAN>
        <VenueCycleParkingMapURL>http://www.london2012.com/mm/Document/Documents/Venue/01/24/06/73/travel-to-excel-o_Neutral.pdf</VenueCycleParkingMapURL>        
        <OlympicCyclePark>
            <CycleParkID>EXLCY01</CycleParkID>
            <CycleParkName>ExCeL cycle parking</CycleParkName>
            <CycleFromCoordinate>
                <Easting>540980</Easting>
                <Northing>180946</Northing>
            </CycleFromCoordinate>
            <CycleToCoordinate>
                <Easting>540980</Easting>
                <Northing>180946</Northing>
            </CycleToCoordinate>
            <VenueGatesToBeUsed>
                <WalkToGateDuration>00:10:00</WalkToGateDuration>
                <VenueEntranceGate>8100EXLgEntr</VenueEntranceGate>
                <WalkFromGateDuration>00:10:00</WalkFromGateDuration>
                <VenueExitGate>8100EXLgExit</VenueExitGate>
            </VenueGatesToBeUsed>
            <NumberOfSpaces>400</NumberOfSpaces>
            <AvailabilityConditions>
                <AvailabilityCondition>
                    <AvailabilityID>EXL_AO_001</AvailabilityID>
                    <FromDate>2012-07-28</FromDate>
                    <ToDate>2012-08-12</ToDate>
                    <DaysOfWeek>Everyday</DaysOfWeek>
                    <DailyOpeningTime>07:30:00</DailyOpeningTime>
                    <DailyClosingTime>00:30:00</DailyClosingTime>
                </AvailabilityCondition>
                <AvailabilityCondition>
                    <AvailabilityID>EXL_AP_001</AvailabilityID>
                    <FromDate>2012-08-30</FromDate>
                    <ToDate>2012-09-09</ToDate>
                    <DaysOfWeek>Everyday</DaysOfWeek>
                    <DailyOpeningTime>07:00:00</DailyOpeningTime>
                    <DailyClosingTime>00:30:00</DailyClosingTime>
                </AvailabilityCondition>
            </AvailabilityConditions>        
        </OlympicCyclePark>
    </OlympicVenue>
    
    <!-- GREENWICH PARK -->
    <OlympicVenue>
        <VenueName>Greenwich Park</VenueName>
        <VenueNaPTAN>8100GRP</VenueNaPTAN>
        <VenueCycleParkingMapURL>http://www.london2012.com/mm/Document/Documents/Venue/01/24/06/72/travel-to-greenwich-o_Neutral.pdf</VenueCycleParkingMapURL>
        <OlympicCyclePark>
            <CycleParkID>GRPCYC02</CycleParkID>
            <CycleParkName>Old Naval College cycle parking</CycleParkName>
            <CycleFromCoordinate>
                <Easting>538660</Easting>
                <Northing>178032</Northing>
            </CycleFromCoordinate>
            <CycleToCoordinate>
                <Easting>538660</Easting>
                <Northing>178032</Northing>
            </CycleToCoordinate>
            <VenueGatesToBeUsed>
                <WalkToGateDuration>00:12:00</WalkToGateDuration>
                <VenueEntranceGate>8100GRPgGNW</VenueEntranceGate>
            </VenueGatesToBeUsed>
            <NumberOfSpaces>100</NumberOfSpaces>
            <AvailabilityConditions>
                <AvailabilityCondition>
                    <AvailabilityID>GRP_AO_002</AvailabilityID>
                    <FromDate>2012-07-28</FromDate>
                    <ToDate>2012-08-12</ToDate>
                    <DaysOfWeek>Everyday</DaysOfWeek>
                    <DailyOpeningTime>06:00:00</DailyOpeningTime>
                    <DailyClosingTime>22:00:00</DailyClosingTime>
                </AvailabilityCondition>
                <AvailabilityCondition>
                    <AvailabilityID>GRP_AP_002</AvailabilityID>
                    <FromDate>2012-08-30</FromDate>
                    <ToDate>2012-09-09</ToDate>
                    <DaysOfWeek>Everyday</DaysOfWeek>
                    <DailyOpeningTime>06:00:00</DailyOpeningTime>
                    <DailyClosingTime>22:00:00</DailyClosingTime>
                </AvailabilityCondition>
            </AvailabilityConditions>
        </OlympicCyclePark>        
        <OlympicCyclePark>
            <CycleParkID>GRPCYC03</CycleParkID>
            <CycleParkName>Talbot Place cycle parking</CycleParkName>
            <CycleFromCoordinate>
                <Easting>539319</Easting>
                <Northing>176470</Northing>
            </CycleFromCoordinate>
            <CycleToCoordinate>
                <Easting>539319</Easting>
                <Northing>176470</Northing>
            </CycleToCoordinate>
            <VenueGatesToBeUsed>
                <WalkToGateDuration>00:12:00</WalkToGateDuration>
                <VenueEntranceGate>8100GRPgBKH1</VenueEntranceGate>
            </VenueGatesToBeUsed>
            <NumberOfSpaces>200</NumberOfSpaces>
            <AvailabilityConditions>
                <AvailabilityCondition>
                    <AvailabilityID>GRP_AO_003</AvailabilityID>
                    <FromDate>2012-07-28</FromDate>
                    <ToDate>2012-07-31</ToDate>
                    <DaysOfWeek>Everyday</DaysOfWeek>
                    <DailyOpeningTime>06:00:00</DailyOpeningTime>
                    <DailyClosingTime>22:00:00</DailyClosingTime>
                </AvailabilityCondition>
                <AvailabilityCondition>
                    <AvailabilityID>GRP_AO_004</AvailabilityID>
                    <FromDate>2012-08-02</FromDate>
                    <ToDate>2012-08-12</ToDate>
                    <DaysOfWeek>Everyday</DaysOfWeek>
                    <DailyOpeningTime>06:00:00</DailyOpeningTime>
                    <DailyClosingTime>22:00:00</DailyClosingTime>
                </AvailabilityCondition>
            </AvailabilityConditions>
        </OlympicCyclePark>        
    </OlympicVenue>    
    
    <!-- NORTH GREENWICH ARENA -->
    <OlympicVenue>
        <VenueName>North Greenwich Arena</VenueName>
        <VenueNaPTAN>8100NGA</VenueNaPTAN>
        <VenueCycleParkingMapURL>http://www.london2012.com/mm/Document/Documents/Venue/01/24/06/56/travel-to-north-greenwich-arena-o_Neutral.pdf</VenueCycleParkingMapURL>
        <OlympicCyclePark>
            <CycleParkID>NGACY01</CycleParkID>
            <CycleParkName>North Greenwich Arena cycle parking</CycleParkName>
            <CycleFromCoordinate>
                <Easting>539380</Easting>
                <Northing>179522</Northing>
            </CycleFromCoordinate>
            <CycleToCoordinate>
                <Easting>539380</Easting>
                <Northing>179522</Northing>
            </CycleToCoordinate>
            <VenueGatesToBeUsed>
                <WalkToGateDuration>00:10:00</WalkToGateDuration>
                <VenueEntranceGate>8100NGAgEntr</VenueEntranceGate>
                <WalkFromGateDuration>00:15:00</WalkFromGateDuration>
                <VenueExitGate>8100NGAgExit</VenueExitGate>
            </VenueGatesToBeUsed>
            <NumberOfSpaces>200</NumberOfSpaces>
            <AvailabilityConditions>
                <AvailabilityCondition>
                    <AvailabilityID>NGA_AO_001</AvailabilityID>
                    <FromDate>2012-07-28</FromDate>
                    <ToDate>2012-08-12</ToDate>
                    <DaysOfWeek>Everyday</DaysOfWeek>
                    <DailyOpeningTime>06:00:00</DailyOpeningTime>
                    <DailyClosingTime>22:00:00</DailyClosingTime>
                </AvailabilityCondition>
                <AvailabilityCondition>
                    <AvailabilityID>NGA_AP_001</AvailabilityID>
                    <FromDate>2012-08-30</FromDate>
                    <ToDate>2012-09-09</ToDate>
                    <DaysOfWeek>Everyday</DaysOfWeek>
                    <DailyOpeningTime>06:00:00</DailyOpeningTime>
                    <DailyClosingTime>22:00:00</DailyClosingTime>
                </AvailabilityCondition>
            </AvailabilityConditions>
        </OlympicCyclePark>
    </OlympicVenue>

    <!-- ROYAL ARTILLERY BARRACKS -->
    <OlympicVenue>
        <VenueName>Royal Artillery Barracks</VenueName>
        <VenueNaPTAN>8100RAB</VenueNaPTAN>
        <VenueCycleParkingMapURL>http://www.london2012.com/mm/Document/Documents/Venue/01/24/06/49/travel-to-royal-artillery-barracks-o_Neutral.pdf</VenueCycleParkingMapURL>
        <OlympicCyclePark>
            <CycleParkID>RABCY01</CycleParkID>
            <CycleParkName>Royal Artillery Barracks cycle parking</CycleParkName>
            <CycleFromCoordinate>
                <Easting>543069</Easting>
                <Northing>177550</Northing>
            </CycleFromCoordinate>
            <CycleToCoordinate>
                <Easting>543069</Easting>
                <Northing>177550</Northing>
            </CycleToCoordinate>
            <VenueGatesToBeUsed>
                <WalkToGateDuration>00:10:00</WalkToGateDuration>
                <VenueEntranceGate>8100RABg0</VenueEntranceGate>
            </VenueGatesToBeUsed>
            <NumberOfSpaces>150</NumberOfSpaces>
            <AvailabilityConditions>
                <AvailabilityCondition>
                    <AvailabilityID>RAB_AO_001</AvailabilityID>
                    <FromDate>2012-07-28</FromDate>
                    <ToDate>2012-08-12</ToDate>
                    <DaysOfWeek>Everyday</DaysOfWeek>
                    <DailyOpeningTime>06:00:00</DailyOpeningTime>
                    <DailyClosingTime>22:00:00</DailyClosingTime>
                </AvailabilityCondition>
                <AvailabilityCondition>
                    <AvailabilityID>RAB_AP_001</AvailabilityID>
                    <FromDate>2012-08-30</FromDate>
                    <ToDate>2012-09-09</ToDate>
                    <DaysOfWeek>Everyday</DaysOfWeek>
                    <DailyOpeningTime>06:00:00</DailyOpeningTime>
                    <DailyClosingTime>22:00:00</DailyClosingTime>
                </AvailabilityCondition>
            </AvailabilityConditions>
        </OlympicCyclePark>
    </OlympicVenue>
    
    <!-- LONDON VENUES -->
    <!-- EARLS COURT -->
    <OlympicVenue>
        <VenueName>Earls Court</VenueName>
        <VenueNaPTAN>8100EAR</VenueNaPTAN>
        <VenueCycleParkingMapURL>http://www.london2012.com/mm/Document/Documents/Venue/01/24/05/33/travel-to-earls-court-o_Neutral.pdf</VenueCycleParkingMapURL>
        <OlympicCyclePark>
            <CycleParkID>EARCY01</CycleParkID>
            <CycleParkName>St Cuthberts with St Matthias Primary School cycle parking</CycleParkName>
            <CycleFromCoordinate>
                <Easting>525482</Easting>
                <Northing>178280</Northing>
            </CycleFromCoordinate>
            <CycleToCoordinate>
                <Easting>525482</Easting>
                <Northing>178280</Northing>
            </CycleToCoordinate>
            <VenueGatesToBeUsed>
                <WalkToGateDuration>00:12:00</WalkToGateDuration>
                <VenueEntranceGate>8100EARgEntr</VenueEntranceGate>
                <WalkFromGateDuration>00:06:00</WalkFromGateDuration>
                <VenueExitGate>8100EARgExit</VenueExitGate>
            </VenueGatesToBeUsed>
            <NumberOfSpaces>400</NumberOfSpaces>
            <AvailabilityConditions>
                <AvailabilityCondition>
                    <AvailabilityID>EAR_AO_001</AvailabilityID>
                    <FromDate>2012-07-28</FromDate>
                    <ToDate>2012-08-12</ToDate>
                    <DaysOfWeek>Everyday</DaysOfWeek>
                    <DailyOpeningTime>06:00:00</DailyOpeningTime>
                    <DailyClosingTime>22:00:00</DailyClosingTime>
                </AvailabilityCondition>
            </AvailabilityConditions>
        </OlympicCyclePark>
    </OlympicVenue>
    
    <!-- LORDS CRICKET GROUND -->
    <OlympicVenue>
        <VenueName>Lords Cricket Ground</VenueName>
        <VenueNaPTAN>8100LCG</VenueNaPTAN>
        <VenueCycleParkingMapURL>http://www.london2012.com/mm/Document/Documents/Venue/01/24/06/61/travel-to-lords-cricket-ground-o_Neutral.pdf</VenueCycleParkingMapURL>
        <OlympicCyclePark>
            <CycleParkID>LCGCY01</CycleParkID>
            <CycleParkName>Lords Cricket Ground cycle parking</CycleParkName>
            <CycleFromCoordinate>
                <Easting>527020</Easting>
                <Northing>182663</Northing>
            </CycleFromCoordinate>
            <CycleToCoordinate>
                <Easting>527020</Easting>
                <Northing>182663</Northing>
            </CycleToCoordinate>
            <VenueGatesToBeUsed>
                <WalkToGateDuration>00:06:00</WalkToGateDuration>
                <VenueEntranceGate>8100LCGg0</VenueEntranceGate>
            </VenueGatesToBeUsed>
            <NumberOfSpaces>100</NumberOfSpaces>
            <AvailabilityConditions>
                <AvailabilityCondition>
                    <AvailabilityID>LCG_AO_001</AvailabilityID>
                    <FromDate>2012-07-28</FromDate>
                    <ToDate>2012-08-12</ToDate>
                    <DaysOfWeek>Everyday</DaysOfWeek>
                    <DailyOpeningTime>06:00:00</DailyOpeningTime>
                    <DailyClosingTime>22:00:00</DailyClosingTime>
                </AvailabilityCondition>
            </AvailabilityConditions>
        </OlympicCyclePark>
    </OlympicVenue>
    
    <!-- WIMBLEDON -->
    <OlympicVenue>
        <VenueName>Wimbledon</VenueName>
        <VenueNaPTAN>8100WIM</VenueNaPTAN>
        <VenueCycleParkingMapURL>http://www.london2012.com/mm/Document/Documents/Venue/01/24/06/23/travel-to-wimbeldon-o_Neutral.pdf</VenueCycleParkingMapURL>
        <OlympicCyclePark>
            <CycleParkID>WIMCY01</CycleParkID>
            <CycleParkName>Wimbledon Cricket Club cycle parking</CycleParkName>
            <CycleFromCoordinate>
                <Easting>524424</Easting>
                <Northing>172165</Northing>
            </CycleFromCoordinate>
            <CycleToCoordinate>
                <Easting>524424</Easting>
                <Northing>172165</Northing>
            </CycleToCoordinate>
            <VenueGatesToBeUsed>
                <WalkToGateDuration>00:08:00</WalkToGateDuration>
                <VenueEntranceGate>8100WIMgC</VenueEntranceGate>
            </VenueGatesToBeUsed>
            <NumberOfSpaces>500</NumberOfSpaces>
            <AvailabilityConditions>
                <AvailabilityCondition>
                    <AvailabilityID>WIM_AO_001</AvailabilityID>
                    <FromDate>2012-07-28</FromDate>
                    <ToDate>2012-08-12</ToDate>
                    <DaysOfWeek>Everyday</DaysOfWeek>
                    <DailyOpeningTime>06:00:00</DailyOpeningTime>
                    <DailyClosingTime>22:00:00</DailyClosingTime>
                </AvailabilityCondition>
            </AvailabilityConditions>
        </OlympicCyclePark>
    </OlympicVenue>
       
    <!-- HORSE GUARDS PARADE -->
    <OlympicVenue>
        <VenueName>Horse Guards Parade</VenueName>
        <VenueNaPTAN>8100HGP</VenueNaPTAN>
        <VenueCycleParkingMapURL>http://www.london2012.com/mm/Document/Documents/Venue/01/24/06/66/travel-to-horse-guards-parade-o_Neutral.pdf</VenueCycleParkingMapURL>
        <OlympicCyclePark>
            <CycleParkID>HGPCY01</CycleParkID>
            <CycleParkName>Westminster City School cycle parking</CycleParkName>
            <CycleFromCoordinate>
                <Easting>529239</Easting>
                <Northing>179277</Northing>
            </CycleFromCoordinate>
            <CycleToCoordinate>
                <Easting>529239</Easting>
                <Northing>179277</Northing>
            </CycleToCoordinate>
            <VenueGatesToBeUsed>
                <WalkToGateDuration>00:20:00</WalkToGateDuration>
                <VenueEntranceGate>8100HGPgInS</VenueEntranceGate>
                <WalkFromGateDuration>00:20:00</WalkFromGateDuration>
                <VenueExitGate>8100HGPgOutS</VenueExitGate>
            </VenueGatesToBeUsed>
            <NumberOfSpaces>1000</NumberOfSpaces>
            <AvailabilityConditions>
                <AvailabilityCondition>
                    <AvailabilityID>HGPC01_AO1</AvailabilityID>
                    <FromDate>2012-07-28</FromDate>
                    <ToDate>2012-08-12</ToDate>
                    <DaysOfWeek>Everyday</DaysOfWeek>
                    <DailyOpeningTime>07:00:00</DailyOpeningTime>
                    <DailyClosingTime>23:59:59</DailyClosingTime>
                </AvailabilityCondition>
                <AvailabilityCondition>
                    <AvailabilityID>HGPC01_AO2</AvailabilityID>
                    <FromDate>2012-07-29</FromDate>
                    <ToDate>2012-08-13</ToDate>
                    <DaysOfWeek>Everyday</DaysOfWeek>
                    <DailyOpeningTime>00:00:00</DailyOpeningTime>
                    <DailyClosingTime>01:00:00</DailyClosingTime>
                </AvailabilityCondition>
            </AvailabilityConditions>
        </OlympicCyclePark>        
    </OlympicVenue>    
    
    <!-- THE MALL - NORTH -->
    <OlympicVenue>
        <VenueName>The Mall - North</VenueName>
        <VenueNaPTAN>8100MLN</VenueNaPTAN>
        <VenueCycleParkingMapURL>http://www.london2012.com/mm/Document/Documents/Venue/01/24/06/28/travel-to-the-mall-o_Neutral.pdf</VenueCycleParkingMapURL>
        <OlympicCyclePark>
            <CycleParkID>MLNCY01</CycleParkID>
            <CycleParkName>Lancaster House cycle parking</CycleParkName>
            <CycleFromCoordinate>
                <Easting>529063</Easting>
                <Northing>179898</Northing>
            </CycleFromCoordinate>
            <CycleToCoordinate>
                <Easting>529063</Easting>
                <Northing>179898</Northing>
            </CycleToCoordinate>
            <VenueGatesToBeUsed>
                <WalkToGateDuration>00:05:00</WalkToGateDuration>
                <VenueEntranceGate>8100MLNgN</VenueEntranceGate>
            </VenueGatesToBeUsed>
            <NumberOfSpaces>2400</NumberOfSpaces>
            <AvailabilityConditions>
                <AvailabilityCondition>
                    <AvailabilityID>MLNC01_AO1</AvailabilityID>
                    <FromDate>2012-07-28</FromDate>
                    <ToDate>2012-07-28</ToDate>
                    <DaysOfWeek>Everyday</DaysOfWeek>
                    <DailyOpeningTime>07:00:00</DailyOpeningTime>
                    <DailyClosingTime>23:59:59</DailyClosingTime>
                </AvailabilityCondition>
                <AvailabilityCondition>
                    <AvailabilityID>MLNC01_AO2</AvailabilityID>
                    <FromDate>2012-07-29</FromDate>
                    <ToDate>2012-07-29</ToDate>
                    <DaysOfWeek>Everyday</DaysOfWeek>
                    <DailyOpeningTime>00:00:00</DailyOpeningTime>
                    <DailyClosingTime>01:00:00</DailyClosingTime>
                </AvailabilityCondition>
                <AvailabilityCondition>
                    <AvailabilityID>MLNC01_AO3</AvailabilityID>
                    <FromDate>2012-07-29</FromDate>
                    <ToDate>2012-07-29</ToDate>
                    <DaysOfWeek>Everyday</DaysOfWeek>
                    <DailyOpeningTime>07:00:00</DailyOpeningTime>
                    <DailyClosingTime>23:59:59</DailyClosingTime>
                </AvailabilityCondition>
                <AvailabilityCondition>
                    <AvailabilityID>MLNC01_AO4</AvailabilityID>
                    <FromDate>2012-07-30</FromDate>
                    <ToDate>2012-07-30</ToDate>
                    <DaysOfWeek>Everyday</DaysOfWeek>
                    <DailyOpeningTime>00:00:00</DailyOpeningTime>
                    <DailyClosingTime>01:00:00</DailyClosingTime>
                </AvailabilityCondition>
                <AvailabilityCondition>
                    <AvailabilityID>MLNC01_AO5</AvailabilityID>
                    <FromDate>2012-08-04</FromDate>
                    <ToDate>2012-08-04</ToDate>
                    <DaysOfWeek>Everyday</DaysOfWeek>
                    <DailyOpeningTime>07:00:00</DailyOpeningTime>
                    <DailyClosingTime>23:59:59</DailyClosingTime>
                </AvailabilityCondition>
                <AvailabilityCondition>
                    <AvailabilityID>MLNC01_AO6</AvailabilityID>
                    <FromDate>2012-08-05</FromDate>
                    <ToDate>2012-08-05</ToDate>
                    <DaysOfWeek>Everyday</DaysOfWeek>
                    <DailyOpeningTime>00:00:00</DailyOpeningTime>
                    <DailyClosingTime>01:00:00</DailyClosingTime>
                </AvailabilityCondition>
                <AvailabilityCondition>
                    <AvailabilityID>MLNC01_AO7</AvailabilityID>
                    <FromDate>2012-08-05</FromDate>
                    <ToDate>2012-08-05</ToDate>
                    <DaysOfWeek>Everyday</DaysOfWeek>
                    <DailyOpeningTime>07:00:00</DailyOpeningTime>
                    <DailyClosingTime>23:59:59</DailyClosingTime>
                </AvailabilityCondition>
                <AvailabilityCondition>
                    <AvailabilityID>MLNC01_AO8</AvailabilityID>
                    <FromDate>2012-08-06</FromDate>
                    <ToDate>2012-08-06</ToDate>
                    <DaysOfWeek>Everyday</DaysOfWeek>
                    <DailyOpeningTime>00:00:00</DailyOpeningTime>
                    <DailyClosingTime>01:00:00</DailyClosingTime>
                </AvailabilityCondition>
                <AvailabilityCondition>
                    <AvailabilityID>MLNC01_AO9</AvailabilityID>
                    <FromDate>2012-08-07</FromDate>
                    <ToDate>2012-08-07</ToDate>
                    <DaysOfWeek>Everyday</DaysOfWeek>
                    <DailyOpeningTime>07:00:00</DailyOpeningTime>
                    <DailyClosingTime>23:59:59</DailyClosingTime>
                </AvailabilityCondition>
                <AvailabilityCondition>
                    <AvailabilityID>MLNC01_A10</AvailabilityID>
                    <FromDate>2012-08-08</FromDate>
                    <ToDate>2012-08-08</ToDate>
                    <DaysOfWeek>Everyday</DaysOfWeek>
                    <DailyOpeningTime>00:00:00</DailyOpeningTime>
                    <DailyClosingTime>01:00:00</DailyClosingTime>
                </AvailabilityCondition>
                <AvailabilityCondition>
                    <AvailabilityID>MLNC01_A11</AvailabilityID>
                    <FromDate>2012-08-11</FromDate>
                    <ToDate>2012-08-11</ToDate>
                    <DaysOfWeek>Everyday</DaysOfWeek>
                    <DailyOpeningTime>07:00:00</DailyOpeningTime>
                    <DailyClosingTime>23:59:59</DailyClosingTime>
                </AvailabilityCondition>
                <AvailabilityCondition>
                    <AvailabilityID>MLNC01_A12</AvailabilityID>
                    <FromDate>2012-08-12</FromDate>
                    <ToDate>2012-08-12</ToDate>
                    <DaysOfWeek>Everyday</DaysOfWeek>
                    <DailyOpeningTime>00:00:00</DailyOpeningTime>
                    <DailyClosingTime>01:00:00</DailyClosingTime>
                </AvailabilityCondition>
            </AvailabilityConditions>
        </OlympicCyclePark>
        <OlympicCyclePark>
            <CycleParkID>MLNCY02</CycleParkID>
            <CycleParkName>Canada Gate cycle parking</CycleParkName>
            <CycleFromCoordinate>
                <Easting>529076</Easting>
                <Northing>179880</Northing>
            </CycleFromCoordinate>
            <CycleToCoordinate>
                <Easting>529076</Easting>
                <Northing>179880</Northing>
            </CycleToCoordinate>
            <VenueGatesToBeUsed>
                <WalkToGateDuration>00:10:00</WalkToGateDuration>
                <VenueEntranceGate>8100MLNgN</VenueEntranceGate>
            </VenueGatesToBeUsed>
            <NumberOfSpaces>1200</NumberOfSpaces>
            <AvailabilityConditions>
                <AvailabilityCondition>
                    <AvailabilityID>MLNC02_AO1</AvailabilityID>
                    <FromDate>2012-07-28</FromDate>
                    <ToDate>2012-08-12</ToDate>
                    <DaysOfWeek>Everyday</DaysOfWeek>
                    <DailyOpeningTime>07:00:00</DailyOpeningTime>
                    <DailyClosingTime>23:59:59</DailyClosingTime>
                </AvailabilityCondition>
                <AvailabilityCondition>
                    <AvailabilityID>MLNC02_AO2</AvailabilityID>
                    <FromDate>2012-07-29</FromDate>
                    <ToDate>2012-08-13</ToDate>
                    <DaysOfWeek>Everyday</DaysOfWeek>
                    <DailyOpeningTime>00:00:00</DailyOpeningTime>
                    <DailyClosingTime>01:00:00</DailyClosingTime>
                </AvailabilityCondition>
            </AvailabilityConditions>
        </OlympicCyclePark>        
    </OlympicVenue>    
    
    <!-- THE MALL - SOUTH -->
    <OlympicVenue>
        <VenueName>The Mall - South</VenueName>
        <VenueNaPTAN>8100MLS</VenueNaPTAN>
        <VenueCycleParkingMapURL>http://www.london2012.com/mm/Document/Documents/Venue/01/24/06/28/travel-to-the-mall-o_Neutral.pdf</VenueCycleParkingMapURL>
        <OlympicCyclePark>
            <CycleParkID>MLSCY01</CycleParkID>
            <CycleParkName>Westminster City School cycle parking</CycleParkName>
            <CycleFromCoordinate>
                <Easting>529239</Easting>
                <Northing>179277</Northing>
            </CycleFromCoordinate>
            <CycleToCoordinate>
                <Easting>529239</Easting>
                <Northing>179277</Northing>
            </CycleToCoordinate>
            <VenueGatesToBeUsed>
                <WalkToGateDuration>00:15:00</WalkToGateDuration>
                <VenueEntranceGate>8100MLSgS</VenueEntranceGate>
            </VenueGatesToBeUsed>
            <NumberOfSpaces>1000</NumberOfSpaces>
            <AvailabilityConditions>
                <AvailabilityCondition>
                    <AvailabilityID>MLSC01_AO1</AvailabilityID>
                    <FromDate>2012-07-28</FromDate>
                    <ToDate>2012-08-12</ToDate>
                    <DaysOfWeek>Everyday</DaysOfWeek>
                    <DailyOpeningTime>07:00:00</DailyOpeningTime>
                    <DailyClosingTime>23:59:59</DailyClosingTime>
                </AvailabilityCondition>
                <AvailabilityCondition>
                    <AvailabilityID>MLSC01_AO2</AvailabilityID>
                    <FromDate>2012-07-29</FromDate>
                    <ToDate>2012-08-13</ToDate>
                    <DaysOfWeek>Everyday</DaysOfWeek>
                    <DailyOpeningTime>00:00:00</DailyOpeningTime>
                    <DailyClosingTime>01:00:00</DailyClosingTime>
                </AvailabilityCondition>
            </AvailabilityConditions>
        </OlympicCyclePark>        
    </OlympicVenue>    
    
    <!-- HYDE PARK --> 
    <OlympicVenue>
        <VenueName>Hyde Park</VenueName>
        <VenueNaPTAN>8100HYD</VenueNaPTAN>
        <VenueCycleParkingMapURL>http://www.london2012.com/mm/Document/Documents/Venue/01/24/06/64/travel-to-hyde-park-o_Neutral.pdf</VenueCycleParkingMapURL>
        <OlympicCyclePark>
            <CycleParkID>HYDCY01</CycleParkID>
            <CycleParkName>Albion Gate cycle parking</CycleParkName>
            <CycleFromCoordinate>
                <Easting>527331</Easting>
                <Northing>180863</Northing>
            </CycleFromCoordinate>
            <CycleToCoordinate>
                <Easting>527331</Easting>
                <Northing>180863</Northing>
            </CycleToCoordinate>
            <VenueGatesToBeUsed>
                <WalkToGateDuration>00:05:00</WalkToGateDuration>
                <VenueEntranceGate>8100HYDg0</VenueEntranceGate>
            </VenueGatesToBeUsed>
            <NumberOfSpaces>1000</NumberOfSpaces>
            <AvailabilityConditions>
                <AvailabilityCondition>
                    <AvailabilityID>HYDC01_AO1</AvailabilityID>
                    <FromDate>2012-07-26</FromDate>
                    <ToDate>2012-07-26</ToDate>
                    <DaysOfWeek>Everyday</DaysOfWeek>
                    <DailyOpeningTime>12:00:00</DailyOpeningTime>
                    <DailyClosingTime>23:59:59</DailyClosingTime>
                </AvailabilityCondition>
                <AvailabilityCondition>
                    <AvailabilityID>HYDC01_AO2</AvailabilityID>
                    <FromDate>2012-07-27</FromDate>
                    <ToDate>2012-08-12</ToDate>
                    <DaysOfWeek>Everyday</DaysOfWeek>
                    <DailyOpeningTime>07:00:00</DailyOpeningTime>
                    <DailyClosingTime>23:59:59</DailyClosingTime>
                </AvailabilityCondition>
                <AvailabilityCondition>
                    <AvailabilityID>HYDC01_AO3</AvailabilityID>
                    <FromDate>2012-07-28</FromDate>
                    <ToDate>2012-08-13</ToDate>
                    <DaysOfWeek>Everyday</DaysOfWeek>
                    <DailyOpeningTime>00:00:00</DailyOpeningTime>
                    <DailyClosingTime>01:00:00</DailyClosingTime>
                </AvailabilityCondition>
            </AvailabilityConditions>
        </OlympicCyclePark>
        <OlympicCyclePark>
            <CycleParkID>HYDCY02</CycleParkID>
            <CycleParkName>Achilles Gate cycle parking</CycleParkName>
            <CycleFromCoordinate>
                <Easting>528328</Easting>
                <Northing>180051</Northing>
            </CycleFromCoordinate>
            <CycleToCoordinate>
                <Easting>528328</Easting>
                <Northing>180051</Northing>
            </CycleToCoordinate>
            <VenueGatesToBeUsed>
                <WalkToGateDuration>00:05:00</WalkToGateDuration>
                <VenueEntranceGate>8100HYDg0</VenueEntranceGate>
            </VenueGatesToBeUsed>
            <NumberOfSpaces>400</NumberOfSpaces>
            <AvailabilityConditions>
                <AvailabilityCondition>
                    <AvailabilityID>HYDC02_AO2</AvailabilityID>
                    <FromDate>2012-07-27</FromDate>
                    <ToDate>2012-08-12</ToDate>
                    <DaysOfWeek>Everyday</DaysOfWeek>
                    <DailyOpeningTime>07:00:00</DailyOpeningTime>
                    <DailyClosingTime>23:59:59</DailyClosingTime>
                </AvailabilityCondition>
                <AvailabilityCondition>
                    <AvailabilityID>HYDC02_AO3</AvailabilityID>
                    <FromDate>2012-07-28</FromDate>
                    <ToDate>2012-08-13</ToDate>
                    <DaysOfWeek>Everyday</DaysOfWeek>
                    <DailyOpeningTime>00:00:00</DailyOpeningTime>
                    <DailyClosingTime>01:00:00</DailyClosingTime>
                </AvailabilityCondition>
            </AvailabilityConditions>
        </OlympicCyclePark>
        <OlympicCyclePark>
            <CycleParkID>HYDCY03</CycleParkID>
            <CycleParkName>Rutland Gate cycle parking</CycleParkName>
            <CycleFromCoordinate>
                <Easting>527229</Easting>
                <Northing>179768</Northing>
            </CycleFromCoordinate>
            <CycleToCoordinate>
                <Easting>527229</Easting>
                <Northing>179768</Northing>
            </CycleToCoordinate>
            <VenueGatesToBeUsed>
                <WalkToGateDuration>00:10:00</WalkToGateDuration>
                <VenueEntranceGate>8100HYDg0</VenueEntranceGate>
            </VenueGatesToBeUsed>
            <NumberOfSpaces>800</NumberOfSpaces>
            <AvailabilityConditions>
                <AvailabilityCondition>
                    <AvailabilityID>HYDC03_AO2</AvailabilityID>
                    <FromDate>2012-07-27</FromDate>
                    <ToDate>2012-08-12</ToDate>
                    <DaysOfWeek>Everyday</DaysOfWeek>
                    <DailyOpeningTime>07:00:00</DailyOpeningTime>
                    <DailyClosingTime>23:59:59</DailyClosingTime>
                </AvailabilityCondition>
                <AvailabilityCondition>
                    <AvailabilityID>HYDC03_AO3</AvailabilityID>
                    <FromDate>2012-07-28</FromDate>
                    <ToDate>2012-08-13</ToDate>
                    <DaysOfWeek>Everyday</DaysOfWeek>
                    <DailyOpeningTime>00:00:00</DailyOpeningTime>
                    <DailyClosingTime>01:00:00</DailyClosingTime>
                </AvailabilityCondition>
            </AvailabilityConditions>
        </OlympicCyclePark>
    </OlympicVenue>
    
    <!-- WEMBLEY ARENA -->
    <OlympicVenue>
        <VenueName>Wembley Arena</VenueName>
        <VenueNaPTAN>8100WEA</VenueNaPTAN>
        <VenueCycleParkingMapURL>http://www.london2012.com/mm/Document/Documents/Venue/01/24/06/27/travel-to-wembley-arena-o_Neutral.pdf</VenueCycleParkingMapURL>
        <OlympicCyclePark>
            <CycleParkID>WEACY01</CycleParkID>
            <CycleParkName>Wembley cycle parking</CycleParkName>
            <CycleFromCoordinate>
                <Easting>518981</Easting>
                <Northing>185512</Northing>
            </CycleFromCoordinate>
            <CycleToCoordinate>
                <Easting>518981</Easting>
                <Northing>185512</Northing>
            </CycleToCoordinate>
            <VenueGatesToBeUsed>
                <WalkToGateDuration>00:06:00</WalkToGateDuration>
                <VenueEntranceGate>8100WEAgEntr</VenueEntranceGate>
                <WalkFromGateDuration>00:06:00</WalkFromGateDuration>
                <VenueExitGate>8100WEAgExit</VenueExitGate>
            </VenueGatesToBeUsed>
            <NumberOfSpaces>500</NumberOfSpaces>
            <AvailabilityConditions>
                <AvailabilityCondition>
                    <AvailabilityID>WEA_AO_001</AvailabilityID>
                    <FromDate>2012-07-28</FromDate>
                    <ToDate>2012-08-12</ToDate>
                    <DaysOfWeek>Everyday</DaysOfWeek>
                    <DailyOpeningTime>06:00:00</DailyOpeningTime>
                    <DailyClosingTime>22:00:00</DailyClosingTime>
                </AvailabilityCondition>
            </AvailabilityConditions>
        </OlympicCyclePark>
    </OlympicVenue>
    
    <!-- HAMPTON COURT PALACE -->
    <OlympicVenue>
        <VenueName>Hampton Court Palace</VenueName>
        <VenueNaPTAN>8100HAP</VenueNaPTAN>
        <VenueCycleParkingMapURL>http://www.london2012.com/mm/Document/Documents/Venue/01/24/06/68/travel-to-hampton-court-palace_Neutral.pdf</VenueCycleParkingMapURL>
        <OlympicCyclePark>
            <CycleParkID>HAPCY01</CycleParkID>
            <CycleParkName>Hampton Court Green cycle parking</CycleParkName>
            <CycleFromCoordinate>
                <Easting>515332</Easting>
                <Northing>168809</Northing>
            </CycleFromCoordinate>
            <CycleToCoordinate>
                <Easting>515332</Easting>
                <Northing>168809</Northing>
            </CycleToCoordinate>
            <VenueGatesToBeUsed>
                <WalkToGateDuration>00:03:00</WalkToGateDuration>
                <VenueEntranceGate>8100HAPgB</VenueEntranceGate>
            </VenueGatesToBeUsed>
            <NumberOfSpaces>100</NumberOfSpaces>            <!-- ESTIMATE -->
            <AvailabilityConditions>
                <AvailabilityCondition>
                    <AvailabilityID>HAP_AO_001</AvailabilityID>
                    <FromDate>2012-07-28</FromDate>
                    <ToDate>2012-08-12</ToDate>
                    <DaysOfWeek>Everyday</DaysOfWeek>
                    <DailyOpeningTime>06:00:00</DailyOpeningTime>
                    <DailyClosingTime>22:00:00</DailyClosingTime>
                </AvailabilityCondition>
            </AvailabilityConditions>
        </OlympicCyclePark>
    </OlympicVenue>
    
    <!-- OUT OF LONDON VENUES -->
    <!-- LEE VALLEY -->
    <OlympicVenue>
        <VenueName>Lee Valley White Water Centre</VenueName>
        <VenueNaPTAN>8100LVC</VenueNaPTAN>
        <VenueCycleParkingMapURL>http://www.london2012.com/mm/Document/Documents/Venue/01/24/06/63/travel-to-lee-valley-o_Neutral.pdf</VenueCycleParkingMapURL>
        <OlympicCyclePark>
            <CycleParkID>LVCCY01</CycleParkID>
            <CycleParkName>Lee Valley White Water Centre cycle parking</CycleParkName>
            <CycleFromCoordinate>
                <Easting>537257</Easting>
                <Northing>200753</Northing>
            </CycleFromCoordinate>
            <CycleToCoordinate>
                <Easting>537257</Easting>
                <Northing>200753</Northing>
            </CycleToCoordinate>
            <VenueGatesToBeUsed>
                <WalkToGateDuration>00:05:00</WalkToGateDuration>
                <VenueEntranceGate>8100LVCg0</VenueEntranceGate>
            </VenueGatesToBeUsed>
            <NumberOfSpaces>300</NumberOfSpaces>
            <AvailabilityConditions>
                <AvailabilityCondition>
                    <AvailabilityID>LVC_AO_001</AvailabilityID>
                    <FromDate>2012-07-28</FromDate>
                    <ToDate>2012-08-12</ToDate>
                    <DaysOfWeek>Everyday</DaysOfWeek>
                    <DailyOpeningTime>06:00:00</DailyOpeningTime>
                    <DailyClosingTime>22:00:00</DailyClosingTime>
                </AvailabilityCondition>
            </AvailabilityConditions>
        </OlympicCyclePark>
    </OlympicVenue>
    
    <!-- HADLEIGH FARM -->
    <OlympicVenue>
        <VenueName>Hadleigh Farm</VenueName>
        <VenueNaPTAN>8100HAD</VenueNaPTAN>
        <VenueCycleParkingMapURL>http://www.london2012.com/mm/Document/Documents/Venue/01/24/06/71/travel-to-hadleigh-farm-o_Neutral.pdf</VenueCycleParkingMapURL>        
        <OlympicCyclePark>
            <CycleParkID>HADCY01</CycleParkID>
            <CycleParkName>Hadleigh Farm Northern cycle parking</CycleParkName>
            <CycleFromCoordinate>
                <Easting>580999</Easting>
                <Northing>186900</Northing>
            </CycleFromCoordinate>
            <CycleToCoordinate>
                <Easting>580999</Easting>
                <Northing>186900</Northing>
            </CycleToCoordinate>
            <VenueGatesToBeUsed>
                <WalkToGateDuration>00:10:00</WalkToGateDuration>
                <VenueEntranceGate>8100HADg0</VenueEntranceGate>
            </VenueGatesToBeUsed>
            <NumberOfSpaces>300</NumberOfSpaces>
            <AvailabilityConditions>
                <AvailabilityCondition>
                    <AvailabilityID>HAD_AO_001</AvailabilityID>
                    <FromDate>2012-08-11</FromDate>
                    <ToDate>2012-08-12</ToDate>
                    <DaysOfWeek>Everyday</DaysOfWeek>
                    <DailyOpeningTime>06:00:00</DailyOpeningTime>
                    <DailyClosingTime>22:00:00</DailyClosingTime>
                </AvailabilityCondition>
            </AvailabilityConditions>
        </OlympicCyclePark>
        <OlympicCyclePark>
            <CycleParkID>HADCY02</CycleParkID>
            <CycleParkName>Hadleigh Farm Southern cycle parking</CycleParkName>
            <CycleFromCoordinate>
                <Easting>580753</Easting>
                <Northing>185782</Northing>
            </CycleFromCoordinate>
            <CycleToCoordinate>
                <Easting>580753</Easting>
                <Northing>185782</Northing>
            </CycleToCoordinate>
            <VenueGatesToBeUsed>
                <WalkToGateDuration>00:15:00</WalkToGateDuration>
                <VenueEntranceGate>8100HADg0</VenueEntranceGate>
            </VenueGatesToBeUsed>
            <NumberOfSpaces>400</NumberOfSpaces>
            <AvailabilityConditions>
                <AvailabilityCondition>
                    <AvailabilityID>HAD_AO_002</AvailabilityID>
                    <FromDate>2012-08-11</FromDate>
                    <ToDate>2012-08-12</ToDate>
                    <DaysOfWeek>Everyday</DaysOfWeek>
                    <DailyOpeningTime>06:00:00</DailyOpeningTime>
                    <DailyClosingTime>22:00:00</DailyClosingTime>
                </AvailabilityCondition>
            </AvailabilityConditions>
        </OlympicCyclePark>
    </OlympicVenue>
    
    <!-- ETON DORNEY -->
    <OlympicVenue>
        <VenueName>Eton Dorney</VenueName>
        <VenueNaPTAN>8100ETD</VenueNaPTAN>
        <VenueCycleParkingMapURL>http://www.london2012.com/mm/Document/Documents/Venue/01/24/06/75/travel-to-eton-dorney-o_Neutral.pdf</VenueCycleParkingMapURL>
        <OlympicCyclePark>
            <CycleParkID>ETDCY01</CycleParkID>
            <CycleParkName>Windsor Racecourse cycle parking</CycleParkName>
            <CycleFromCoordinate>
                <Easting>494916</Easting>
                <Northing>177455</Northing>
            </CycleFromCoordinate>
            <CycleToCoordinate>
                <Easting>494916</Easting>
                <Northing>177455</Northing>
            </CycleToCoordinate>
            <VenueGatesToBeUsed>
                <WalkToGateDuration>00:06:00</WalkToGateDuration>
                <VenueEntranceGate>8100ETDgTHub</VenueEntranceGate>
            </VenueGatesToBeUsed>
            <NumberOfSpaces>400</NumberOfSpaces>
            <AvailabilityConditions>
                <AvailabilityCondition>
                    <AvailabilityID>ETD_AO_001</AvailabilityID>
                    <FromDate>2012-07-28</FromDate>
                    <ToDate>2012-08-12</ToDate>
                    <DaysOfWeek>Everyday</DaysOfWeek>
                    <DailyOpeningTime>06:00:00</DailyOpeningTime>
                    <DailyClosingTime>22:00:00</DailyClosingTime>
                </AvailabilityCondition>
            </AvailabilityConditions>
        </OlympicCyclePark>
        <OlympicCyclePark>
            <CycleParkID>ETDCY02</CycleParkID>
            <CycleParkName>Big Meadow cycle parking</CycleParkName>
            <CycleFromCoordinate>
                <Easting>492368</Easting>
                <Northing>178790</Northing>
            </CycleFromCoordinate>
            <CycleToCoordinate>
                <Easting>492368</Easting>
                <Northing>178790</Northing>
            </CycleToCoordinate>
            <VenueGatesToBeUsed>
                <WalkToGateDuration>00:05:00</WalkToGateDuration>
                <VenueEntranceGate>8100ETDgN</VenueEntranceGate>
            </VenueGatesToBeUsed>
            <NumberOfSpaces>600</NumberOfSpaces>
            <AvailabilityConditions>
                <AvailabilityCondition>
                    <AvailabilityID>ETD_AO_002</AvailabilityID>
                    <FromDate>2012-07-28</FromDate>
                    <ToDate>2012-08-12</ToDate>
                    <DaysOfWeek>Everyday</DaysOfWeek>
                    <DailyOpeningTime>06:00:00</DailyOpeningTime>
                    <DailyClosingTime>22:00:00</DailyClosingTime>
                </AvailabilityCondition>
                <AvailabilityCondition>
                    <AvailabilityID>ETD_AP_002</AvailabilityID>
                    <FromDate>2012-08-30</FromDate>
                    <ToDate>2012-09-09</ToDate>
                    <DaysOfWeek>Everyday</DaysOfWeek>
                    <DailyOpeningTime>06:00:00</DailyOpeningTime>
                    <DailyClosingTime>22:00:00</DailyClosingTime>
                </AvailabilityCondition>
            </AvailabilityConditions>
        </OlympicCyclePark>
    </OlympicVenue>
    
    <!-- WEYMOUTH AND PORTLAND -->
    <OlympicVenue>
        <VenueName>Weymouth and Portland</VenueName>
        <VenueNaPTAN>8100WAP</VenueNaPTAN>
        <VenueCycleParkingMapURL>http://www.london2012.com/mm/Document/Documents/Venue/01/24/06/25/travel-to-weymouth-and-portland-o_Neutral.pdf</VenueCycleParkingMapURL>
        <OlympicCyclePark>
            <CycleParkID>WAPCY02</CycleParkID>
            <CycleParkName>The Nothe cycle parking</CycleParkName>
            <CycleFromCoordinate>
                <Easting>368336</Easting>
                <Northing>078688</Northing>
            </CycleFromCoordinate>
            <CycleToCoordinate>
                <Easting>368336</Easting>
                <Northing>078688</Northing>
            </CycleToCoordinate>
            <VenueGatesToBeUsed>
                <WalkToGateDuration>00:05:00</WalkToGateDuration>
                <VenueEntranceGate>8100WAPg0</VenueEntranceGate>
            </VenueGatesToBeUsed>
            <NumberOfSpaces>150</NumberOfSpaces>
            <AvailabilityConditions>
                <AvailabilityCondition>
                    <AvailabilityID>WAP_AO_002</AvailabilityID>
                    <FromDate>2012-07-28</FromDate>
                    <ToDate>2012-08-12</ToDate>
                    <DaysOfWeek>Everyday</DaysOfWeek>
                    <DailyOpeningTime>06:00:00</DailyOpeningTime>
                    <DailyClosingTime>22:00:00</DailyClosingTime>
                </AvailabilityCondition>
            </AvailabilityConditions>
        </OlympicCyclePark>
        <OlympicCyclePark>
            <CycleParkID>WAPCY03</CycleParkID>
            <CycleParkName>The Swannery cycle parking</CycleParkName>
            <CycleFromCoordinate>
                <Easting>367702</Easting>
                <Northing>079678</Northing>
            </CycleFromCoordinate>
            <CycleToCoordinate>
                <Easting>367702</Easting>
                <Northing>079678</Northing>
            </CycleToCoordinate>
            <VenueGatesToBeUsed>
                <WalkToGateDuration>00:25:00</WalkToGateDuration>
                <VenueEntranceGate>8100WAPg0</VenueEntranceGate>
            </VenueGatesToBeUsed>
            <NumberOfSpaces>150</NumberOfSpaces>
            <AvailabilityConditions>
                <AvailabilityCondition>
                    <AvailabilityID>WAP_AO_003</AvailabilityID>
                    <FromDate>2012-07-28</FromDate>
                    <ToDate>2012-08-12</ToDate>
                    <DaysOfWeek>Everyday</DaysOfWeek>
                    <DailyOpeningTime>06:00:00</DailyOpeningTime>
                    <DailyClosingTime>22:00:00</DailyClosingTime>
                </AvailabilityCondition>
            </AvailabilityConditions>
        </OlympicCyclePark>
        <OlympicCyclePark>
            <CycleParkID>WAPCY04</CycleParkID>
            <CycleParkName>Brunswick Terrace cycle parking</CycleParkName>
            <CycleFromCoordinate>
                <Easting>368174</Easting>
                <Northing>079825</Northing>
            </CycleFromCoordinate>
            <CycleToCoordinate>
                <Easting>368174</Easting>
                <Northing>079825</Northing>
            </CycleToCoordinate>
            <VenueGatesToBeUsed>
                <WalkToGateDuration>00:30:00</WalkToGateDuration>
                <VenueEntranceGate>8100WAPg0</VenueEntranceGate>
            </VenueGatesToBeUsed>
            <NumberOfSpaces>150</NumberOfSpaces>
            <AvailabilityConditions>
                <AvailabilityCondition>
                    <AvailabilityID>WAP_AO_004</AvailabilityID>
                    <FromDate>2012-07-28</FromDate>
                    <ToDate>2012-08-12</ToDate>
                    <DaysOfWeek>Everyday</DaysOfWeek>
                    <DailyOpeningTime>06:00:00</DailyOpeningTime>
                    <DailyClosingTime>22:00:00</DailyClosingTime>
                </AvailabilityCondition>
            </AvailabilityConditions>
        </OlympicCyclePark>
        <OlympicCyclePark>
            <CycleParkID>WAPCY05</CycleParkID>
            <CycleParkName>Westham Bridge cycle parking</CycleParkName>
            <CycleFromCoordinate>
                <Easting>367747</Easting>
                <Northing>079248</Northing>
            </CycleFromCoordinate>
            <CycleToCoordinate>
                <Easting>367747</Easting>
                <Northing>079248</Northing>
            </CycleToCoordinate>
            <VenueGatesToBeUsed>
                <WalkToGateDuration>00:20:00</WalkToGateDuration>
                <VenueEntranceGate>8100WAPg0</VenueEntranceGate>
            </VenueGatesToBeUsed>
            <NumberOfSpaces>150</NumberOfSpaces>
            <AvailabilityConditions>
                <AvailabilityCondition>
                    <AvailabilityID>WAP_AO_005</AvailabilityID>
                    <FromDate>2012-07-28</FromDate>
                    <ToDate>2012-08-12</ToDate>
                    <DaysOfWeek>Everyday</DaysOfWeek>
                    <DailyOpeningTime>06:00:00</DailyOpeningTime>
                    <DailyClosingTime>22:00:00</DailyClosingTime>
                </AvailabilityCondition>
            </AvailabilityConditions>
        </OlympicCyclePark>
    </OlympicVenue>
    
    <!-- BRANDS HATCH -->
    <OlympicVenue>
        <VenueName>Brands Hatch</VenueName>
        <VenueNaPTAN>8100BND</VenueNaPTAN>
        <VenueCycleParkingMapURL>http://www.london2012.com/mm/Document/Documents/Venue/01/24/06/78/travel-to-brands-hatch-o_Neutral.pdf</VenueCycleParkingMapURL>
        <OlympicCyclePark>
            <CycleParkID>BNDCY01</CycleParkID>
            <CycleParkName>Brands Hatch cycle parking</CycleParkName>
            <CycleFromCoordinate>
                <Easting>556939</Easting>
                <Northing>164497</Northing>
            </CycleFromCoordinate>
            <CycleToCoordinate>
                <Easting>556939</Easting>
                <Northing>164497</Northing>
            </CycleToCoordinate>
            <VenueGatesToBeUsed>
                <WalkToGateDuration>00:05:00</WalkToGateDuration>
                <VenueEntranceGate>8100BNDg0</VenueEntranceGate>
            </VenueGatesToBeUsed>
            <NumberOfSpaces>150</NumberOfSpaces>
            <AvailabilityConditions>
                <AvailabilityCondition>
                    <AvailabilityID>BND_AP_001</AvailabilityID>
                    <FromDate>2012-08-30</FromDate>
                    <ToDate>2012-09-09</ToDate>
                    <DaysOfWeek>Everyday</DaysOfWeek>
                    <DailyOpeningTime>07:00:00</DailyOpeningTime>
                    <DailyClosingTime>00:30:00</DailyClosingTime>
                </AvailabilityCondition>
            </AvailabilityConditions>
        </OlympicCyclePark>
    </OlympicVenue>
    
    <!-- BOX HILL -->
    <OlympicVenue>
        <VenueName>Box Hill</VenueName>
        <VenueNaPTAN>8100BXH</VenueNaPTAN>
        <VenueCycleParkingMapURL>http://www.london2012.com/mm/Document/Documents/Venue/01/24/06/79/travel-to-box-hill-o_Neutral.pdf</VenueCycleParkingMapURL>
        <OlympicCyclePark>
            <CycleParkID>BXHCY01</CycleParkID>
            <CycleParkName>Old London Road cycle parking</CycleParkName>
            <CycleFromCoordinate>
                <Easting>517119</Easting>
                <Northing>152100</Northing>
            </CycleFromCoordinate>
            <CycleToCoordinate>
                <Easting>517119</Easting>
                <Northing>152100</Northing>
            </CycleToCoordinate>
            <VenueGatesToBeUsed>
                <WalkToGateDuration>00:05:00</WalkToGateDuration>
                <VenueEntranceGate>8100BXHg0</VenueEntranceGate>
            </VenueGatesToBeUsed>
            <NumberOfSpaces>150</NumberOfSpaces>
            <AvailabilityConditions>
                <AvailabilityCondition>
                    <AvailabilityID>BXH_AO_001</AvailabilityID>
                    <FromDate>2012-07-28</FromDate>
                    <ToDate>2012-07-29</ToDate>
                    <DaysOfWeek>Everyday</DaysOfWeek>
                    <DailyOpeningTime>06:00:00</DailyOpeningTime>
                    <DailyClosingTime>22:00:00</DailyClosingTime>
                </AvailabilityCondition>
            </AvailabilityConditions>
        </OlympicCyclePark>
    </OlympicVenue>

    <!-- FOOTBALL VENUES -->
    <!-- WEMBLEY STADIUM -->
    <OlympicVenue>
        <VenueName>Wembley Stadium</VenueName>
        <VenueNaPTAN>8100WEM</VenueNaPTAN>
        <VenueCycleParkingMapURL>http://www.london2012.com/mm/Document/Documents/Venue/01/24/06/26/travel-to-wembley-stadium-o_Neutral.pdf</VenueCycleParkingMapURL>
        <OlympicCyclePark>
            <CycleParkID>WEMCY01</CycleParkID>
            <CycleParkName>Wembley cycle parking</CycleParkName>
            <CycleFromCoordinate>
                <Easting>518981</Easting>
                <Northing>185512</Northing>
            </CycleFromCoordinate>
            <CycleToCoordinate>
                <Easting>518981</Easting>
                <Northing>185512</Northing>
            </CycleToCoordinate>
            <VenueGatesToBeUsed>
                <WalkToGateDuration>00:11:00</WalkToGateDuration>
                <VenueEntranceGate>8100WEMg0</VenueEntranceGate>
            </VenueGatesToBeUsed>
            <NumberOfSpaces>500</NumberOfSpaces>
            <AvailabilityConditions>
                <AvailabilityCondition>
                    <AvailabilityID>WEM_AO_001</AvailabilityID>
                    <FromDate>2012-07-28</FromDate>
                    <ToDate>2012-08-12</ToDate>
                    <DaysOfWeek>Everyday</DaysOfWeek>
                    <DailyOpeningTime>06:00:00</DailyOpeningTime>
                    <DailyClosingTime>22:00:00</DailyClosingTime>
                </AvailabilityCondition>
            </AvailabilityConditions>
        </OlympicCyclePark>
    </OlympicVenue>
    
    <!-- MILLENNIUM STADIUM -->
    <OlympicVenue>
        <VenueName>Millennium Stadium</VenueName>
        <VenueNaPTAN>8100MIL</VenueNaPTAN>
        <VenueCycleParkingMapURL>http://www.london2012.com/mm/Document/Documents/Venue/01/24/06/57/travel-to-millennium-stadium-o_Neutral.pdf</VenueCycleParkingMapURL>
        <OlympicCyclePark>
            <CycleParkID>MILCY01</CycleParkID>
            <CycleParkName>Millennium Stadium cycle parking</CycleParkName>
            <CycleFromCoordinate>
                <Easting>317642</Easting>
                <Northing>176633</Northing>
            </CycleFromCoordinate>
            <CycleToCoordinate>
                <Easting>317642</Easting>
                <Northing>176633</Northing>
            </CycleToCoordinate>
            <VenueGatesToBeUsed>
                <WalkToGateDuration>00:10:00</WalkToGateDuration>
                <VenueEntranceGate>8100MIL</VenueEntranceGate>
            </VenueGatesToBeUsed>
            <NumberOfSpaces>200</NumberOfSpaces>
            <AvailabilityConditions>
                <AvailabilityCondition>
                    <AvailabilityID>MIL_AO_001</AvailabilityID>
                    <FromDate>2012-07-25</FromDate>
                    <ToDate>2012-08-12</ToDate>
                    <DaysOfWeek>Everyday</DaysOfWeek>
                    <DailyOpeningTime>06:00:00</DailyOpeningTime>
                    <DailyClosingTime>22:00:00</DailyClosingTime>
                </AvailabilityCondition>
            </AvailabilityConditions>
        </OlympicCyclePark>
    </OlympicVenue>
    
    <!-- HAMPDEN PARK -->
    <OlympicVenue>
        <VenueName>Hampden Park</VenueName>
        <VenueNaPTAN>8100HAM</VenueNaPTAN>
        <VenueCycleParkingMapURL>http://www.london2012.com/mm/Document/Documents/Venue/01/24/06/69/travel-to-hampden-park-o_Neutral.pdf</VenueCycleParkingMapURL>
        <OlympicCyclePark>
            <CycleParkID>HAMCY01</CycleParkID>
            <CycleParkName>Hampden Park cycle parking</CycleParkName>
            <CycleFromCoordinate>
                <Easting>259232</Easting>
                <Northing>661616</Northing>
            </CycleFromCoordinate>
            <CycleToCoordinate>
                <Easting>259232</Easting>
                <Northing>661616</Northing>
            </CycleToCoordinate>
            <VenueGatesToBeUsed>
                <WalkToGateDuration>00:05:00</WalkToGateDuration>
                <VenueEntranceGate>8100HAM</VenueEntranceGate>
            </VenueGatesToBeUsed>
            <NumberOfSpaces>150</NumberOfSpaces>
            <AvailabilityConditions>
                <AvailabilityCondition>
                    <AvailabilityID>HAM_AO_001</AvailabilityID>
                    <FromDate>2012-07-25</FromDate>
                    <ToDate>2012-08-12</ToDate>
                    <DaysOfWeek>Everyday</DaysOfWeek>
                    <DailyOpeningTime>06:00:00</DailyOpeningTime>
                    <DailyClosingTime>22:00:00</DailyClosingTime>
                </AvailabilityCondition>
            </AvailabilityConditions>
        </OlympicCyclePark>
    </OlympicVenue>
    
    <!-- OLD TRAFFORD -->
    <OlympicVenue>
        <VenueName>Old Trafford</VenueName>
        <VenueNaPTAN>8100OLD</VenueNaPTAN>
        <VenueCycleParkingMapURL>http://www.london2012.com/mm/Document/Documents/Venue/01/24/06/55/travel-to-old-trafford-o_Neutral.pdf</VenueCycleParkingMapURL>
        <OlympicCyclePark>
            <CycleParkID>OLDCY01</CycleParkID>
            <CycleParkName>Old Trafford cycle parking</CycleParkName>
            <CycleFromCoordinate>
                <Easting>380955</Easting>
                <Northing>396304</Northing>
            </CycleFromCoordinate>
            <CycleToCoordinate>
                <Easting>380955</Easting>
                <Northing>396304</Northing>
            </CycleToCoordinate>
            <VenueGatesToBeUsed>
                <WalkToGateDuration>00:05:00</WalkToGateDuration>
                <VenueEntranceGate>8100OLD</VenueEntranceGate>
            </VenueGatesToBeUsed>
            <NumberOfSpaces>200</NumberOfSpaces>
            <AvailabilityConditions>
                <AvailabilityCondition>
                    <AvailabilityID>OLD_AO_001</AvailabilityID>
                    <FromDate>2012-07-26</FromDate>
                    <ToDate>2012-08-12</ToDate>
                    <DaysOfWeek>Everyday</DaysOfWeek>
                    <DailyOpeningTime>06:00:00</DailyOpeningTime>
                    <DailyClosingTime>22:00:00</DailyClosingTime>
                </AvailabilityCondition>
            </AvailabilityConditions>
        </OlympicCyclePark>
    </OlympicVenue>
    
    <!-- CITY OF COVENTRY STADIUM -->
    <OlympicVenue>
        <VenueName>City of Coventry Stadium</VenueName>
        <VenueNaPTAN>8100COV</VenueNaPTAN>
        <VenueCycleParkingMapURL>http://www.london2012.com/mm/Document/Documents/Venue/01/24/06/77/travel-to-city-of-coventry-stadium-o_Neutral.pdf</VenueCycleParkingMapURL>
        <OlympicCyclePark>
            <CycleParkID>COVCY01</CycleParkID>
            <CycleParkName>City of Coventry Stadium cycle parking</CycleParkName>
            <CycleFromCoordinate>
                <Easting>434462</Easting>
                <Northing>283667</Northing>
            </CycleFromCoordinate>
            <CycleToCoordinate>
                <Easting>434462</Easting>
                <Northing>283667</Northing>
            </CycleToCoordinate>
            <VenueGatesToBeUsed>
                <WalkToGateDuration>00:05:00</WalkToGateDuration>
                <VenueEntranceGate>8100COV</VenueEntranceGate>
            </VenueGatesToBeUsed>
            <NumberOfSpaces>200</NumberOfSpaces>
            <AvailabilityConditions>
                <AvailabilityCondition>
                    <AvailabilityID>COV_AO_001</AvailabilityID>
                    <FromDate>2012-07-25</FromDate>
                    <ToDate>2012-08-12</ToDate>
                    <DaysOfWeek>Everyday</DaysOfWeek>
                    <DailyOpeningTime>06:00:00</DailyOpeningTime>
                    <DailyClosingTime>22:00:00</DailyClosingTime>
                </AvailabilityCondition>
            </AvailabilityConditions>
        </OlympicCyclePark>
    </OlympicVenue>
        
    <!-- ST JAMES PARK (NEWCASTLE) -->
    <OlympicVenue>
        <VenueName>St James Park (Newcastle)</VenueName>
        <VenueNaPTAN>8100SJP</VenueNaPTAN>
        <VenueCycleParkingMapURL>http://www.london2012.com/mm/Document/Documents/Venue/01/24/06/32/travel-to-st-james-park-o_Neutral.pdf</VenueCycleParkingMapURL>
        <OlympicCyclePark>
            <CycleParkID>SJPCY01</CycleParkID>
            <CycleParkName>St James Park cycle parking</CycleParkName>
            <CycleFromCoordinate>
                <Easting>424452</Easting>
                <Northing>564555</Northing>
            </CycleFromCoordinate>
            <CycleToCoordinate>
                <Easting>424452</Easting>
                <Northing>564555</Northing>
            </CycleToCoordinate>
            <VenueGatesToBeUsed>
                <WalkToGateDuration>00:05:00</WalkToGateDuration>
                <VenueEntranceGate>8100SJP</VenueEntranceGate>
            </VenueGatesToBeUsed>
            <NumberOfSpaces>150</NumberOfSpaces>
            <AvailabilityConditions>
                <AvailabilityCondition>
                    <AvailabilityID>SJP_AO_001</AvailabilityID>
                    <FromDate>2012-07-25</FromDate>
                    <ToDate>2012-08-12</ToDate>
                    <DaysOfWeek>Everyday</DaysOfWeek>
                    <DailyOpeningTime>06:00:00</DailyOpeningTime>
                    <DailyClosingTime>22:00:00</DailyClosingTime>
                </AvailabilityCondition>
            </AvailabilityConditions>
        </OlympicCyclePark>
    </OlympicVenue>

    <!-- LIVE SITES -->
    <!-- WEYMOUTH BEACH LIVE SITE -->
    <OlympicVenue>
        <VenueName>Weymouth and Portland</VenueName>
        <VenueNaPTAN>8100WLB</VenueNaPTAN>
        <VenueCycleParkingMapURL>http://www.london2012.com/mm/Document/Documents/Venue/01/24/06/25/travel-to-weymouth-and-portland-o_Neutral.pdf</VenueCycleParkingMapURL>
        <OlympicCyclePark>
            <CycleParkID>WLBCY03</CycleParkID>
            <CycleParkName>The Swannery cycle parking</CycleParkName>
            <CycleFromCoordinate>
                <Easting>367702</Easting>
                <Northing>079678</Northing>
            </CycleFromCoordinate>
            <CycleToCoordinate>
                <Easting>367702</Easting>
                <Northing>079678</Northing>
            </CycleToCoordinate>
            <VenueGatesToBeUsed>
                <WalkToGateDuration>00:10:00</WalkToGateDuration>
                <VenueEntranceGate>8100WLB</VenueEntranceGate>
            </VenueGatesToBeUsed>
            <NumberOfSpaces>150</NumberOfSpaces>
            <AvailabilityConditions>
                <AvailabilityCondition>
                    <AvailabilityID>WLB_AO_003</AvailabilityID>
                    <FromDate>2012-07-28</FromDate>
                    <ToDate>2012-08-12</ToDate>
                    <DaysOfWeek>Everyday</DaysOfWeek>
                    <DailyOpeningTime>06:00:00</DailyOpeningTime>
                    <DailyClosingTime>22:00:00</DailyClosingTime>
                </AvailabilityCondition>
            </AvailabilityConditions>
        </OlympicCyclePark>
        <OlympicCyclePark>
            <CycleParkID>WLBCY04</CycleParkID>
            <CycleParkName>Brunswick Terrace cycle parking</CycleParkName>
            <CycleFromCoordinate>
                <Easting>368174</Easting>
                <Northing>079825</Northing>
            </CycleFromCoordinate>
            <CycleToCoordinate>
                <Easting>368174</Easting>
                <Northing>079825</Northing>
            </CycleToCoordinate>
            <VenueGatesToBeUsed>
                <WalkToGateDuration>00:15:00</WalkToGateDuration>
                <VenueEntranceGate>8100WLB</VenueEntranceGate>
            </VenueGatesToBeUsed>
            <NumberOfSpaces>150</NumberOfSpaces>
            <AvailabilityConditions>
                <AvailabilityCondition>
                    <AvailabilityID>WLB_AO_004</AvailabilityID>
                    <FromDate>2012-07-28</FromDate>
                    <ToDate>2012-08-12</ToDate>
                    <DaysOfWeek>Everyday</DaysOfWeek>
                    <DailyOpeningTime>06:00:00</DailyOpeningTime>
                    <DailyClosingTime>22:00:00</DailyClosingTime>
                </AvailabilityCondition>
            </AvailabilityConditions>
        </OlympicCyclePark>
        <OlympicCyclePark>
            <CycleParkID>WLBCY05</CycleParkID>
            <CycleParkName>Westham Bridge cycle parking</CycleParkName>
            <CycleFromCoordinate>
                <Easting>367747</Easting>
                <Northing>079248</Northing>
            </CycleFromCoordinate>
            <CycleToCoordinate>
                <Easting>367747</Easting>
                <Northing>079248</Northing>
            </CycleToCoordinate>
            <VenueGatesToBeUsed>
                <WalkToGateDuration>00:10:00</WalkToGateDuration>
                <VenueEntranceGate>8100WLB</VenueEntranceGate>
            </VenueGatesToBeUsed>
            <NumberOfSpaces>150</NumberOfSpaces>
            <AvailabilityConditions>
                <AvailabilityCondition>
                    <AvailabilityID>WLB_AO_005</AvailabilityID>
                    <FromDate>2012-07-28</FromDate>
                    <ToDate>2012-08-12</ToDate>
                    <DaysOfWeek>Everyday</DaysOfWeek>
                    <DailyOpeningTime>06:00:00</DailyOpeningTime>
                    <DailyClosingTime>22:00:00</DailyClosingTime>
                </AvailabilityCondition>
            </AvailabilityConditions>
        </OlympicCyclePark>
    </OlympicVenue>

    <!-- HYDE PARK LIVE SITE -->
    <OlympicVenue>
        <VenueName>Hyde Park Live Site</VenueName>
        <VenueNaPTAN>8100HPL</VenueNaPTAN>
        <VenueCycleParkingMapURL>http://www.london2012.com/mm/Document/Documents/Venue/01/24/06/64/travel-to-hyde-park-o_Neutral.pdf</VenueCycleParkingMapURL>
        <OlympicCyclePark>
            <CycleParkID>HPLCY01</CycleParkID>
            <CycleParkName>Albion Gate cycle parking</CycleParkName>
            <CycleFromCoordinate>
                <Easting>527331</Easting>
                <Northing>180863</Northing>
            </CycleFromCoordinate>
            <CycleToCoordinate>
                <Easting>527331</Easting>
                <Northing>180863</Northing>
            </CycleToCoordinate>
            <VenueGatesToBeUsed>
                <WalkToGateDuration>00:05:00</WalkToGateDuration>
                <VenueEntranceGate>8100HPLgMain</VenueEntranceGate>
            </VenueGatesToBeUsed>
            <NumberOfSpaces>1000</NumberOfSpaces>
            <AvailabilityConditions>
                <AvailabilityCondition>
                    <AvailabilityID>HPLC01_AO1</AvailabilityID>
                    <FromDate>2012-07-26</FromDate>
                    <ToDate>2012-07-26</ToDate>
                    <DaysOfWeek>Everyday</DaysOfWeek>
                    <DailyOpeningTime>12:00:00</DailyOpeningTime>
                    <DailyClosingTime>23:59:59</DailyClosingTime>
                </AvailabilityCondition>
                <AvailabilityCondition>
                    <AvailabilityID>HPLC01_AO2</AvailabilityID>
                    <FromDate>2012-07-27</FromDate>
                    <ToDate>2012-08-12</ToDate>
                    <DaysOfWeek>Everyday</DaysOfWeek>
                    <DailyOpeningTime>07:00:00</DailyOpeningTime>
                    <DailyClosingTime>23:59:59</DailyClosingTime>
                </AvailabilityCondition>
                <AvailabilityCondition>
                    <AvailabilityID>HPLC01_AO3</AvailabilityID>
                    <FromDate>2012-07-28</FromDate>
                    <ToDate>2012-08-13</ToDate>
                    <DaysOfWeek>Everyday</DaysOfWeek>
                    <DailyOpeningTime>00:00:00</DailyOpeningTime>
                    <DailyClosingTime>01:00:00</DailyClosingTime>
                </AvailabilityCondition>
            </AvailabilityConditions>
        </OlympicCyclePark>
        <OlympicCyclePark>
            <CycleParkID>HPLCY02</CycleParkID>
            <CycleParkName>Achilles Gate cycle parking</CycleParkName>
            <CycleFromCoordinate>
                <Easting>528328</Easting>
                <Northing>180051</Northing>
            </CycleFromCoordinate>
            <CycleToCoordinate>
                <Easting>528328</Easting>
                <Northing>180051</Northing>
            </CycleToCoordinate>
            <VenueGatesToBeUsed>
                <WalkToGateDuration>00:10:00</WalkToGateDuration>
                <VenueEntranceGate>8100HPLgMain</VenueEntranceGate>
            </VenueGatesToBeUsed>
            <NumberOfSpaces>400</NumberOfSpaces>
            <AvailabilityConditions>
                <AvailabilityCondition>
                    <AvailabilityID>HPLC02_AO2</AvailabilityID>
                    <FromDate>2012-07-27</FromDate>
                    <ToDate>2012-08-12</ToDate>
                    <DaysOfWeek>Everyday</DaysOfWeek>
                    <DailyOpeningTime>07:00:00</DailyOpeningTime>
                    <DailyClosingTime>23:59:59</DailyClosingTime>
                </AvailabilityCondition>
                <AvailabilityCondition>
                    <AvailabilityID>HPLC02_AO3</AvailabilityID>
                    <FromDate>2012-07-28</FromDate>
                    <ToDate>2012-08-13</ToDate>
                    <DaysOfWeek>Everyday</DaysOfWeek>
                    <DailyOpeningTime>00:00:00</DailyOpeningTime>
                    <DailyClosingTime>01:00:00</DailyClosingTime>
                </AvailabilityCondition>
            </AvailabilityConditions>
        </OlympicCyclePark>
        <OlympicCyclePark>
            <CycleParkID>HPLCY03</CycleParkID>
            <CycleParkName>Rutland Gate cycle parking</CycleParkName>
            <CycleFromCoordinate>
                <Easting>527229</Easting>
                <Northing>179768</Northing>
            </CycleFromCoordinate>
            <CycleToCoordinate>
                <Easting>527229</Easting>
                <Northing>179768</Northing>
            </CycleToCoordinate>
            <VenueGatesToBeUsed>
                <WalkToGateDuration>00:15:00</WalkToGateDuration>
                <VenueEntranceGate>8100HPLgMain</VenueEntranceGate>
            </VenueGatesToBeUsed>
            <NumberOfSpaces>800</NumberOfSpaces>
            <AvailabilityConditions>
                <AvailabilityCondition>
                    <AvailabilityID>HPLC03_AO2</AvailabilityID>
                    <FromDate>2012-07-27</FromDate>
                    <ToDate>2012-08-12</ToDate>
                    <DaysOfWeek>Everyday</DaysOfWeek>
                    <DailyOpeningTime>07:00:00</DailyOpeningTime>
                    <DailyClosingTime>23:59:59</DailyClosingTime>
                </AvailabilityCondition>
                <AvailabilityCondition>
                    <AvailabilityID>HPLC03_AO3</AvailabilityID>
                    <FromDate>2012-07-28</FromDate>
                    <ToDate>2012-08-13</ToDate>
                    <DaysOfWeek>Everyday</DaysOfWeek>
                    <DailyOpeningTime>00:00:00</DailyOpeningTime>
                    <DailyClosingTime>01:00:00</DailyClosingTime>
                </AvailabilityCondition>
            </AvailabilityConditions>
        </OlympicCyclePark>
    </OlympicVenue>    
    
    <!-- VICTORIA PARK LIVE SITE -->
    <OlympicVenue>
        <VenueName>Olympic Park</VenueName>
        <VenueNaPTAN>8100VPL</VenueNaPTAN>
        <VenueCycleParkingMapURL>http://www.london2012.com/mm/Document/Documents/Venue/01/24/06/52/travel-to-olympic-park-o_Neutral.pdf</VenueCycleParkingMapURL>
        <OlympicCyclePark>
            <CycleParkID>VPLCYC01</CycleParkID>
            <CycleParkName>Victoria Park cycle parking</CycleParkName>
            <CycleFromCoordinate>
                <Easting>536730</Easting>
                <Northing>184390</Northing>
            </CycleFromCoordinate>
            <CycleToCoordinate>
                <Easting>536730</Easting>
                <Northing>184390</Northing>
            </CycleToCoordinate>
            <VenueGatesToBeUsed>
                <WalkToGateDuration>00:10:00</WalkToGateDuration>
                <VenueEntranceGate>8100VPLgMain</VenueEntranceGate>
            </VenueGatesToBeUsed>
            <NumberOfSpaces>4000</NumberOfSpaces>
            <AvailabilityConditions>
                <AvailabilityCondition>
                    <AvailabilityID>VPL_AO_002</AvailabilityID>
                    <FromDate>2012-07-27</FromDate>
                    <ToDate>2012-08-12</ToDate>
                    <DaysOfWeek>Everyday</DaysOfWeek>
                    <DailyOpeningTime>07:00:00</DailyOpeningTime>
                    <DailyClosingTime>23:00:00</DailyClosingTime>
                </AvailabilityCondition>
                <AvailabilityCondition>
                    <AvailabilityID>VPL_AP_002</AvailabilityID>
                    <FromDate>2012-08-29</FromDate>
                    <ToDate>2012-09-09</ToDate>
                    <DaysOfWeek>Everyday</DaysOfWeek>
                    <DailyOpeningTime>07:00:00</DailyOpeningTime>
                    <DailyClosingTime>23:00:00</DailyClosingTime>
                </AvailabilityCondition>
            </AvailabilityConditions>
        </OlympicCyclePark>
    </OlympicVenue>
    
</SJPCycleParkLocations>
