<?xml version="1.0" encoding="utf-8" ?> 
<DataFeedInfo xmlns:xsi="http://www.w3.org/2001/XMLSchema-instance"
        xsi:schemaLocation="http://www.transportdirect.info/datafeedinfo http://localhost/datafeedinfo.xsd"
        xmlns="http://www.transportdirect.info/datafeedinfo"
        version="1.0">
	<SupplierID>098</SupplierID>
	<InterfaceNumber version="01">IF136</InterfaceNumber>
	<TimePrepared>2011-07-21T15:00:00</TimePrepared>
	<DataFeed isPresent="Y">
		<Filename>110721 GNAT STATION LIST VERSION 13FN.CSV</Filename>
	</DataFeed>	
</DataFeedInfo>
