<?xml version="1.0" encoding="us-ascii"?>
<DataFeedInfo version="1.0" xmlns="http://www.transportdirect.info/datafeedinfo" xmlns:xsi="http://www.w3.org/2001/XMLSchema-instance" xsi:schemaLocation="http://www.transportdirect.info/datafeedinfo http://localhost/TDPZip.xsd">
    <!-- Generated by TDPZip 1.0 -->
    <SupplierID>098</SupplierID>
    <InterfaceNumber version="02">IF078</InterfaceNumber>
    <TimePrepared>2004-12-13T12:00:53</TimePrepared>
    <DataFeed isPresent="Y">
        <Filename>SeasonalInformation.csv</Filename>
    </DataFeed>
</DataFeedInfo>
