"Group ID","Name","Easting","Northing","Date of Last Change","Date of Issue","Issue Version"
"G181","Pembroke",198231,201554,"05/02/2007 08:41:53","22/01/2013","1058"
"G184","Porthmadog",256688,338906,"05/02/2007 08:41:53","22/01/2013","1058"
"G185","Prestatyn",306449,382902,"05/02/2007 08:41:53","22/01/2013","1058"
"G186","Pwllheli",237425,334956,"05/02/2007 08:41:53","22/01/2013","1058"
"G187","Ramsgate",638363,164781,"05/02/2007 08:41:53","22/01/2013","1058"
"G188","Rhyl",303348,382393,"05/02/2007 08:41:53","22/01/2013","1058"
"G19","Hertford",532300,212900,"05/02/2007 08:41:53","22/01/2013","1058"
"G190","Skegness",557135,366945,"05/02/2007 08:41:53","22/01/2013","1058"
"G191","Solihull",415385,279682,"05/02/2007 08:41:53","22/01/2013","1058"
"G192","St Blazey",206850,54682,"05/02/2007 08:41:53","22/01/2013","1058"
"G193","St Neots",518595,259190,"05/02/2007 08:41:53","22/01/2013","1058"
"G194","St Osyth",612308,215687,"05/02/2007 08:41:53","22/01/2013","1058"
"G197","Trowbridge",385624,157908,"28/04/2005 17:32:00","22/01/2013","1058"
"G198","Weston-Super-Mare",332420,161030,"09/07/2009 15:37:53","22/01/2013","1058"
"G199","Westward Ho!",243053,129069,"05/02/2007 08:41:53","22/01/2013","1058"
"G2","Bedford",504200,249800,"14/08/2003 16:42:00","22/01/2013","1058"
"G20","Liverpool",335050,390350,"05/02/2007 08:41:53","22/01/2013","1058"
"G201","Wilton",409522,131312,"28/04/2005 17:32:00","22/01/2013","1058"
"G202","Worthing",514603,104396,"05/02/2007 08:41:53","22/01/2013","1058"
"G203","Aberdare",300495,202620,"05/02/2007 08:41:53","22/01/2013","1058"
"G204","Abergavenny",330190,213780,"05/02/2007 08:41:53","22/01/2013","1058"
"G205","Acle",640130,310320,"23/02/2007 07:52:35","22/01/2013","1058"
"G206","Airdrie",276235,665250,"05/02/2007 08:41:53","22/01/2013","1058"
"G207","Aldershot",486610,150440,"05/02/2007 08:41:53","22/01/2013","1058"
"G208","Alness",265930,869530,"05/02/2007 08:41:53","22/01/2013","1058"
"G209","Alton",472230,139690,"23/02/2007 07:52:35","22/01/2013","1058"
"G21","Manchester",384450,398400,"15/01/2007 15:12:26","22/01/2013","1058"
"G210","Altrincham",377027,387927,"16/03/2009 12:23:03","22/01/2013","1058"
"G211","Andover",436080,145840,"05/02/2007 08:41:53","22/01/2013","1058"
"G212","Annan",319350,566390,"05/02/2007 08:41:53","22/01/2013","1058"
"G213","Anniesland",254790,668740,"05/02/2007 08:41:53","22/01/2013","1058"
"G214","Ansdell and Fairhaven",334530,427470,"05/02/2007 08:41:53","22/01/2013","1058"
"G215","Arbroath",363973,740889,"05/02/2007 08:41:53","22/01/2013","1058"
"G216","Ardlui",231740,715640,"05/02/2007 08:41:53","22/01/2013","1058"
"G217","Arrochar",230380,704210,"05/02/2007 08:41:53","22/01/2013","1058"
"G218","Bolton",371890,409010,"23/02/2007 07:52:35","22/01/2013","1058"
"G219","Ashton-under-Lyne",393800,399360,"05/02/2007 08:41:53","22/01/2013","1058"
"G22","Newark",480050,354450,"23/02/2007 07:52:35","22/01/2013","1058"
"G220","Aspatria",314390,541610,"23/02/2007 07:52:35","22/01/2013","1058"
"G221","Atherstone",430610,297790,"23/02/2007 07:52:35","22/01/2013","1058"
"G222","Attleborough",604975,295260,"23/02/2007 07:52:35","22/01/2013","1058"
"G223","Ayr",233720,621560,"05/02/2007 08:41:53","22/01/2013","1058"
"G224","Balloch",238620,681580,"02/06/2006 16:42:36","22/01/2013","1058"
"G225","Banbury",445980,240570,"05/02/2007 08:41:53","22/01/2013","1058"
"G226","Bangor ",257860,372020,"05/02/2007 08:41:53","22/01/2013","1058"
"G227","Barrow-in-Furness",319760,469500,"25/05/2011 17:12:01","22/01/2013","1058"
"G228","Basildon",570420,188400,"05/02/2007 08:41:53","22/01/2013","1058"
"G229","Battle",574980,115720,"02/06/2006 16:42:36","22/01/2013","1058"
"G23","Penge",535090,170600,"14/08/2003 16:42:00","22/01/2013","1058"
"G230","Beccles",642280,290430,"23/02/2007 07:52:35","22/01/2013","1058"
"G231","Bedworth",435940,286950,"02/06/2006 16:42:36","22/01/2013","1058"
"G232","Belper",434650,347520,"05/02/2007 08:41:53","22/01/2013","1058"
"G234","Beverley",503495,439650,"05/02/2007 08:41:53","22/01/2013","1058"
"G235","Bicester",458540,222340,"05/02/2007 08:41:53","22/01/2013","1058"
"G236","Billericay",567545,194900,"05/02/2007 08:41:53","22/01/2013","1058"
"G237","Billingham",446340,523840,"23/02/2007 07:52:35","22/01/2013","1058"
"G238","Bingham",470440,339832,"05/02/2007 08:41:53","22/01/2013","1058"
"G239","Bingley",410720,439160,"05/02/2007 08:41:53","22/01/2013","1058"
"G24","Pontefract",446050,422290,"05/02/2007 08:41:53","22/01/2013","1058"
"G240","Birchington",630080,169250,"21/05/2007 14:54:52","22/01/2013","1058"
"G241","Bishops Stortford",548930,221020,"02/06/2006 16:42:36","22/01/2013","1058"
"G242","Blantyre",268960,657600,"05/02/2007 08:41:53","22/01/2013","1058"
"G243","Bloxwich",399470,302235,"05/02/2007 08:41:53","22/01/2013","1058"
"G244","Boston",532430,344070,"23/02/2007 07:52:35","22/01/2013","1058"
"G245","Bracknell",486940,168990,"05/02/2007 08:41:53","22/01/2013","1058"
"G246","Braintree",575920,222850,"05/02/2007 08:41:53","22/01/2013","1058"
"G247","Brandon",578380,286880,"02/06/2006 16:42:36","22/01/2013","1058"
"G248","Branksome",405650,91940,"23/02/2007 07:52:35","22/01/2013","1058"
"G1","London",530120,180570,"05/02/2007 08:41:53","22/01/2013","1058"
"G10","Dorking",516730,150200,"05/02/2007 08:41:53","22/01/2013","1058"
"G100","Newcastle",424600,563800,"23/02/2007 07:52:35","22/01/2013","1058"
"G101","Newport",330900,188400,"23/02/2007 07:52:35","22/01/2013","1058"
"G102","Northampton",474700,260390,"15/08/2003 13:20:00","22/01/2013","1058"
"G103","Norwich",623900,308400,"05/02/2007 08:41:53","22/01/2013","1058"
"G104","Nottingham",457500,339300,"05/02/2007 08:41:53","22/01/2013","1058"
"G105","Oxford",450900,206360,"10/12/2009 15:29:22","22/01/2013","1058"
"G106","Penzance",147588,30599,"17/02/2012 15:32:32","22/01/2013","1058"
"G107","Perth",311320,723160,"05/02/2007 08:41:53","22/01/2013","1058"
"G108","Peterborough",518700,298900,"05/02/2007 08:41:53","22/01/2013","1058"
"G109","Plymouth",247700,55300,"05/02/2007 08:41:53","22/01/2013","1058"
"G11","Edenbridge",544250,147050,"05/02/2007 08:41:53","22/01/2013","1058"
"G110","Preston",353400,429000,"23/02/2007 07:52:35","22/01/2013","1058"
"G111","Rugby",451200,275900,"05/02/2007 08:41:53","22/01/2013","1058"
"G112","Salisbury",413662,130153,"13/04/2011 16:09:50","22/01/2013","1058"
"G113","Scarborough",503900,488300,"05/02/2007 08:41:53","22/01/2013","1058"
"G114","Scunthorpe",489400,410800,"05/02/2007 08:41:53","22/01/2013","1058"
"G115","Sheffield",435800,387000,"23/02/2007 07:52:35","22/01/2013","1058"
"G116","Shrewsbury",349425,312915,"05/10/2009 17:08:35","22/01/2013","1058"
"G117","Southampton",441300,112200,"05/02/2007 08:41:53","22/01/2013","1058"
"G119","Stafford",391800,323000,"05/02/2007 08:41:53","22/01/2013","1058"
"G12","Enfield",532600,196550,"23/02/2007 07:52:35","22/01/2013","1058"
"G120","Stansted Airport",555682,223530,"21/10/2010 14:10:05","22/01/2013","1058"
"G121","Stirling",279800,693500,"05/02/2007 08:41:53","22/01/2013","1058"
"G122","Stockport",389260,389871,"09/07/2009 15:36:30","22/01/2013","1058"
"G123","Stoke-On-Trent",388000,345700,"15/08/2003 13:20:00","22/01/2013","1058"
"G124","Sunderland",439700,557000,"15/08/2003 13:20:00","22/01/2013","1058"
"G125","Swansea",265700,193600,"05/02/2007 08:41:53","22/01/2013","1058"
"G126","Swindon",414900,185200,"15/08/2003 13:20:00","22/01/2013","1058"
"G127","Taunton",322800,125500,"23/02/2007 07:52:35","22/01/2013","1058"
"G128","Telford",370300,309100,"23/02/2007 07:52:35","22/01/2013","1058"
"G129","Torquay",290500,63500,"05/02/2007 08:41:53","22/01/2013","1058"
"G13","Falkirk",288500,679700,"05/02/2007 08:41:53","22/01/2013","1058"
"G130","Warwick",428600,265500,"23/02/2007 07:52:35","22/01/2013","1058"
"G131","Weymouth",367900,79600,"05/02/2007 08:41:53","22/01/2013","1058"
"G132","Winchester",448002,129528,"13/08/2007 17:48:13","22/01/2013","1058"
"G133","Wolverhampton",392000,298900,"05/02/2007 08:41:53","22/01/2013","1058"
"G134","York",459600,451700,"15/08/2003 13:20:00","22/01/2013","1058"
"G135","Accrington",375948,428595,"20/04/2009 16:17:47","22/01/2013","1058"
"G136","Ashford (Kent)",601200,142900,"05/02/2007 08:41:53","22/01/2013","1058"
"G137","Aviemore",289550,812300,"05/02/2007 08:41:53","22/01/2013","1058"
"G138","Aberystwyth",258470,281600,"25/09/2008 17:47:17","22/01/2013","1058"
"G14","Farnborough",487250,156300,"21/05/2007 14:54:52","22/01/2013","1058"
"G142","Bognor Regis",493500,99295,"10/07/2009 15:51:11","22/01/2013","1058"
"G143","Bridlington",518805,467172,"05/02/2007 08:41:53","22/01/2013","1058"
"G146","Chester-le-Street",427356,551630,"25/05/2011 17:12:01","22/01/2013","1058"
"G147","Chippenham",391950,173380,"26/11/2007 15:34:18","22/01/2013","1058"
"G148","Cirencester",402811,202010,"05/02/2007 08:41:53","22/01/2013","1058"
"G149","Cliftonville",637243,170733,"05/02/2007 08:41:53","22/01/2013","1058"
"G15","Folkestone",622000,136300,"14/08/2003 16:42:00","22/01/2013","1058"
"G155","Felixstowe",629616,234094,"05/02/2007 08:41:53","22/01/2013","1058"
"G157","Frinton-on-Sea",623585,220451,"25/05/2011 17:12:01","22/01/2013","1058"
"G158","Great Yarmouth",652389,307835,"07/09/2009 16:56:36","22/01/2013","1058"
"G159","Hastings",581772,109505,"28/04/2005 17:32:00","22/01/2013","1058"
"G16","Gainsborough",481950,389150,"14/08/2003 16:42:00","22/01/2013","1058"
"G160","Hatfield",522489,208511,"23/02/2007 07:52:35","22/01/2013","1058"
"G161","Hitchin",519406,229742,"05/02/2007 08:41:53","22/01/2013","1058"
"G162","Humber Bridge",502220,426017,"28/04/2005 17:32:00","22/01/2013","1058"
"G165","Jaywick",615320,213884,"05/02/2007 08:41:53","22/01/2013","1058"
"G17","Glasgow",258950,665450,"05/02/2007 08:41:53","22/01/2013","1058"
"G170","Leigh-on-Sea",584642,186548,"28/04/2005 17:32:00","22/01/2013","1058"
"G175","Newmarket",564290,263313,"23/02/2007 07:52:35","22/01/2013","1058"
"G176","Newquay",181414,61680,"24/09/2007 16:28:51","22/01/2013","1058"
"G179","Paignton",288912,60599,"22/10/2009 15:54:33","22/01/2013","1058"
"G18","Helensburgh",229750,682900,"05/02/2007 08:41:53","22/01/2013","1058"
"G180","Peacehaven",540885,101009,"05/02/2007 08:41:53","22/01/2013","1058"
"G249","Brentwood",559330,193320,"23/02/2007 07:52:35","22/01/2013","1058"
"G25","Portsmouth",464200,100200,"14/08/2003 16:42:00","22/01/2013","1058"
"G250","Bridge of Allan",278880,697620,"05/02/2007 08:41:53","22/01/2013","1058"
"G251","Bridge of Orchy",229900,739620,"05/02/2007 08:41:53","22/01/2013","1058"
"G252","Bridgend",290570,180035,"02/06/2006 16:42:36","22/01/2013","1058"
"G253","Bridgwater",330490,137000,"05/02/2007 08:41:53","22/01/2013","1058"
"G254","Brierfield",384660,436300,"05/02/2007 08:41:53","22/01/2013","1058"
"G255","Brigg",500270,407090,"05/02/2007 08:41:53","22/01/2013","1058"
"G256","Brighouse",414660,422810,"05/02/2007 08:41:53","22/01/2013","1058"
"G257","Briton Ferry",274300,194560,"05/02/2007 08:41:53","22/01/2013","1058"
"G258","Broadstairs",639270,167900,"05/02/2007 08:41:53","22/01/2013","1058"
"G259","Brockenhurst",430280,102410,"05/02/2007 08:41:53","22/01/2013","1058"
"G26","Reading",471400,173800,"05/02/2007 08:41:53","22/01/2013","1058"
"G260","Bromborough",334760,382060,"05/02/2007 08:41:53","22/01/2013","1058"
"G261","Brora",290610,904050,"05/02/2007 08:41:53","22/01/2013","1058"
"G262","Bury St Edmunds",585170,264810,"05/02/2007 08:41:53","22/01/2013","1058"
"G263","Chepstow",353390,193760,"05/02/2007 08:41:53","22/01/2013","1058"
"G264","Buxton",406090,373720,"23/02/2007 07:52:35","22/01/2013","1058"
"G265","Caersws",302980,291900,"05/02/2007 08:41:53","22/01/2013","1058"
"G266","Camborne",164790,39855,"05/02/2007 08:41:53","22/01/2013","1058"
"G267","Camelon",286870,680660,"05/02/2007 08:41:53","22/01/2013","1058"
"G268","Cannock",398450,310260,"05/02/2007 08:41:53","22/01/2013","1058"
"G269","Carbis Bay",153050,38450,"05/02/2007 08:41:53","22/01/2013","1058"
"G27","Southend",588300,185800,"13/10/2010 15:29:36","22/01/2013","1058"
"G270","Carmarthen",241370,219900,"05/02/2007 08:41:53","22/01/2013","1058"
"G271","Carnforth",349780,470550,"05/02/2007 08:41:53","22/01/2013","1058"
"G272","Chirk",328800,337775,"05/02/2007 08:41:53","22/01/2013","1058"
"G273","Chorley",358630,417520,"23/02/2007 07:52:35","22/01/2013","1058"
"G274","Christchurch",415440,93283,"23/02/2007 07:52:35","22/01/2013","1058"
"G275","Clacton",617590,215270,"21/05/2007 14:54:52","22/01/2013","1058"
"G276","Cleethorpes",530580,408980,"05/02/2007 08:41:53","22/01/2013","1058"
"G277","Largs",220300,659310,"05/02/2007 08:41:53","22/01/2013","1058"
"G278","Blair Atholl",287080,765340,"05/02/2007 08:41:53","22/01/2013","1058"
"G279","Colne",388400,439920,"23/02/2007 07:52:35","22/01/2013","1058"
"G28","Thorne",468600,413050,"05/02/2007 08:41:53","22/01/2013","1058"
"G280","Colwyn Bay",284960,378950,"05/02/2007 08:41:53","22/01/2013","1058"
"G281","Conwy",278000,377550,"05/02/2007 08:41:53","22/01/2013","1058"
"G282","Cosham",465600,105250,"05/02/2007 08:41:53","22/01/2013","1058"
"G283","Cowdenbeath",316540,691615,"05/02/2007 08:41:53","22/01/2013","1058"
"G284","Crawley",527037,136373,"10/07/2009 15:51:58","22/01/2013","1058"
"G285","Crianlarich",238490,725370,"05/02/2007 08:41:53","22/01/2013","1058"
"G286","Criccieth",249830,338130,"05/02/2007 08:41:53","22/01/2013","1058"
"G287","Cromer",621570,342100,"02/06/2006 16:42:36","22/01/2013","1058"
"G288","Cumbernauld",276100,674340,"05/02/2007 08:41:53","22/01/2013","1058"
"G289","Cwmbran",329610,195700,"05/02/2007 08:41:53","22/01/2013","1058"
"G29","Tyndrum",233050,730150,"05/02/2007 08:41:53","22/01/2013","1058"
"G290","Dalmally",216200,727280,"05/02/2007 08:41:53","22/01/2013","1058"
"G291","Dalwhinnie",263630,784310,"05/02/2007 08:41:53","22/01/2013","1058"
"G292","Darwen",369360,422340,"05/02/2007 08:41:53","22/01/2013","1058"
"G293","Dawlish",296340,76620,"05/02/2007 08:41:53","22/01/2013","1058"
"G294","Deal",637630,152595,"05/02/2007 08:41:53","22/01/2013","1058"
"G295","Dewsbury",424390,421640,"05/02/2007 08:41:53","22/01/2013","1058"
"G296","Diss",612060,279510,"05/02/2007 08:41:53","22/01/2013","1058"
"G297","Dovercourt",624910,231370,"05/02/2007 08:41:53","22/01/2013","1058"
"G298","Driffield",502560,457520,"05/02/2007 08:41:53","22/01/2013","1058"
"G299","Droitwich Spa",389560,263290,"05/02/2007 08:41:53","22/01/2013","1058"
"G3","Birmingham",406950,287000,"05/02/2007 08:41:53","22/01/2013","1058"
"G30","Wakefield",433290,420540,"05/02/2007 08:41:53","22/01/2013","1058"
"G300","Drumchapel",251890,670920,"05/02/2007 08:41:53","22/01/2013","1058"
"G301","Dumbarton",240190,675720,"05/02/2007 08:41:53","22/01/2013","1058"
"G302","Dumfries",297240,576380,"05/02/2007 08:41:53","22/01/2013","1058"
"G303","Dunblane",278200,701040,"05/02/2007 08:41:53","22/01/2013","1058"
"G304","East Grinstead",539390,138360,"05/02/2007 08:41:53","22/01/2013","1058"
"G305","East Kilbride",263790,654380,"02/06/2006 16:42:36","22/01/2013","1058"
"G306","Eastleigh",445700,119155,"23/02/2007 07:52:35","22/01/2013","1058"
"G307","Ellesmere Port",340180,376310,"05/02/2007 08:41:53","22/01/2013","1058"
"G308","Eltham (London)",542690,174460,"05/02/2007 08:41:53","22/01/2013","1058"
"G309","Ely",554410,280150,"23/02/2007 07:52:35","22/01/2013","1058"
"G31","Warrington",360350,388150,"14/08/2003 16:42:00","22/01/2013","1058"
"G310","Evesham",403770,244230,"05/02/2007 08:41:53","22/01/2013","1058"
"G312","Alresford (Essex)",606474,221512,"11/05/2009 15:55:49","22/01/2013","1058"
"G313","Arundel",501283,106903,"09/02/2007 07:22:56","22/01/2013","1058"
"G314","Barnstaple",255857,132993,"09/02/2007 07:22:56","22/01/2013","1058"
"G315","Bentley (Hants)",478367,143927,"09/02/2007 07:22:56","22/01/2013","1058"
"G316","Bexhill",574131,107574,"09/02/2007 07:22:56","22/01/2013","1058"
"G317","Pembrey",244657,201036,"21/05/2007 14:54:52","22/01/2013","1058"
"G32","West Hampstead (London)",525400,184750,"05/02/2007 08:41:53","22/01/2013","1058"
"G320","Connel Ferry",191270,734341,"09/02/2007 07:22:56","22/01/2013","1058"
"G321","Coulsdon",529870,159060,"09/02/2007 07:22:56","22/01/2013","1058"
"G322","Dunfermline",309673,687607,"09/02/2007 07:22:56","22/01/2013","1058"
"G323","London (Elephant & Castle)",532122,179039,"09/02/2007 07:22:56","22/01/2013","1058"
"G324","Failsworth",389084,401197,"23/02/2007 07:52:35","22/01/2013","1058"
"G325","Falmouth",180733,32504,"09/02/2007 07:22:56","22/01/2013","1058"
"G326","Fareham",457476,106217,"09/02/2007 07:22:56","22/01/2013","1058"
"G327","Farnham",484285,146716,"23/02/2007 07:52:35","22/01/2013","1058"
"G328","Filey",511370,480690,"09/02/2007 07:22:56","22/01/2013","1058"
"G329","Flimby",302050,533800,"09/02/2007 07:22:56","22/01/2013","1058"
"G33","Wigan",358150,405500,"14/08/2003 16:42:00","22/01/2013","1058"
"G330","Flint",324500,373100,"09/02/2007 07:22:56","22/01/2013","1058"
"G331","Garve",239446,861465,"13/02/2007 16:58:06","22/01/2013","1058"
"G332","Gillingham (Dorset)",380961,126290,"09/02/2007 07:22:56","22/01/2013","1058"
"G333","Gleneagles",292863,710723,"09/02/2007 07:22:56","22/01/2013","1058"
"G334","Gobowen ",330400,333400,"09/02/2007 07:22:56","22/01/2013","1058"
"G335","Golspie",283105,899882,"09/02/2007 07:22:56","22/01/2013","1058"
"G336","Goole",474010,423900,"09/02/2007 07:22:56","22/01/2013","1058"
"G337","Goring-by-Sea",510923,103012,"09/02/2007 07:22:56","22/01/2013","1058"
"G338","Grange-over-Sands",341200,478100,"09/02/2007 07:22:56","22/01/2013","1058"
"G339","Great Malvern",377908,245908,"09/02/2007 07:22:56","22/01/2013","1058"
"G34","Worcester",385350,255200,"05/02/2007 08:41:53","22/01/2013","1058"
"G340","Greenock",227474,676228,"09/02/2007 07:22:56","22/01/2013","1058"
"G342","Hamilton",272200,655200,"23/02/2007 07:52:35","22/01/2013","1058"
"G343","Harlow",544664,210329,"09/02/2007 07:22:56","22/01/2013","1058"
"G344","Havant",471801,106460,"09/02/2007 07:22:56","22/01/2013","1058"
"G345","Haverfordwest",195674,215666,"09/02/2007 07:22:56","22/01/2013","1058"
"G346","Hayle",155866,37245,"09/02/2007 07:22:56","22/01/2013","1058"
"G347","Hazel Grove",391980,386750,"09/02/2007 07:22:56","22/01/2013","1058"
"G348","Helmsdale",302678,915399,"09/02/2007 07:22:56","22/01/2013","1058"
"G349","Hemel Hempstead",505516,206366,"09/02/2007 07:22:56","22/01/2013","1058"
"G35","Maidstone",575750,155750,"05/02/2007 08:41:53","22/01/2013","1058"
"G350","Herne Bay",617130,167450,"09/02/2007 07:22:56","22/01/2013","1058"
"G351","Hessle",502450,426131,"09/02/2007 07:22:56","22/01/2013","1058"
"G352","Heworth",428550,561970,"23/02/2007 07:52:35","22/01/2013","1058"
"G353","High Wycombe",486601,192816,"09/02/2007 07:22:56","22/01/2013","1058"
"G354","Highbridge",331900,147167,"23/02/2007 07:52:35","22/01/2013","1058"
"G355","Hilsea",465856,103825,"09/02/2007 07:22:56","22/01/2013","1058"
"G357","Horsham",517865,130980,"23/02/2007 07:52:35","22/01/2013","1058"
"G358","Hove",528751,105101,"09/02/2007 07:22:56","22/01/2013","1058"
"G359","Huntingdon",523638,271782,"09/02/2007 07:22:56","22/01/2013","1058"
"G36","Tilbury",563600,176400,"05/02/2007 08:41:53","22/01/2013","1058"
"G361","Invergordon",270764,868594,"09/02/2007 07:22:56","22/01/2013","1058"
"G362","Ivybridge",264358,56278,"09/02/2007 07:22:56","22/01/2013","1058"
"G363","Johnston (Pembrokeshire)",193300,210700,"09/02/2007 07:22:56","22/01/2013","1058"
"G364","Keighley",406438,441252,"09/02/2007 07:22:56","22/01/2013","1058"
"G365","Kendal",351878,492998,"09/02/2007 07:22:56","22/01/2013","1058"
"G366","Kidwelly",240799,206699,"09/02/2007 07:22:56","22/01/2013","1058"
"G367","Kilgetty",212600,207200,"09/02/2007 07:22:56","22/01/2013","1058"
"G368","Kings Lynn",562306,320061,"09/02/2007 07:22:56","22/01/2013","1058"
"G369","Kingussie ",275700,800400,"09/02/2007 07:22:56","22/01/2013","1058"
"G37","Yeovil",357000,115190,"05/02/2007 08:41:53","22/01/2013","1058"
"G370","Kirby Cross",621830,220761,"09/02/2007 07:22:56","22/01/2013","1058"
"G371","Knaresborough",435003,457095,"09/02/2007 07:22:56","22/01/2013","1058"
"G372","Kyle of Lochalsh",176247,827123,"09/02/2007 07:22:56","22/01/2013","1058"
"G373","Lancing",518218,104105,"09/02/2007 07:22:56","22/01/2013","1058"
"G374","Ledbury",370912,238193,"09/02/2007 07:22:56","22/01/2013","1058"
"G375","Lelant",154770,37220,"09/02/2007 07:22:56","22/01/2013","1058"
"G376","Lichfield",411900,309200,"09/02/2007 07:22:56","22/01/2013","1058"
"G377","Liphook",484113,131257,"09/02/2007 07:22:56","22/01/2013","1058"
"G378","Liskeard",225037,64205,"09/02/2007 07:22:56","22/01/2013","1058"
"G379","Littlehampton",502540,102180,"09/02/2007 07:22:56","22/01/2013","1058"
"G38","Heathrow 1 - 3",507900,175200,"12/07/2010 14:58:41","22/01/2013","1058"
"G380","Llandudno Junction",279488,377857,"09/02/2007 07:22:56","22/01/2013","1058"
"G381","Llandudno",278794,382100,"09/02/2007 07:22:56","22/01/2013","1058"
"G382","Llanelli",250650,199445,"09/02/2007 07:22:56","22/01/2013","1058"
"G383","Lockerbie",313780,581800,"09/02/2007 07:22:56","22/01/2013","1058"
"G384","Lostwithiel",210440,59743,"09/02/2007 07:22:56","22/01/2013","1058"
"G385","Loughborough",453913,320137,"23/02/2007 07:52:35","22/01/2013","1058"
"G386","Lowestoft",654650,293062,"09/02/2007 07:22:56","22/01/2013","1058"
"G387","Lymington",432383,95488,"09/02/2007 07:22:56","22/01/2013","1058"
"G388","Lytham",336530,427220,"09/02/2007 07:22:56","22/01/2013","1058"
"G389","Maghull",337448,402260,"09/02/2007 07:22:56","22/01/2013","1058"
"G39","Aberdeen",394165,805905,"28/08/2009 16:37:52","22/01/2013","1058"
"G390","Malvern Link",378431,247627,"09/02/2007 07:22:56","22/01/2013","1058"
"G391","Mansfield",453698,361029,"23/02/2007 07:52:35","22/01/2013","1058"
"G392","March",541889,297347,"09/02/2007 07:22:56","22/01/2013","1058"
"G393","Margate",635185,170771,"09/02/2007 07:22:56","22/01/2013","1058"
"G394","Market Harborough",473790,287249,"09/02/2007 07:22:56","22/01/2013","1058"
"G395","Maryport",303800,536200,"09/02/2007 07:22:56","22/01/2013","1058"
"G396","Matlock Bath",429412,358338,"09/02/2007 07:22:56","22/01/2013","1058"
"G397","Matlock",429600,360200,"09/02/2007 07:22:56","22/01/2013","1058"
"G398","Melksham",390277,164203,"09/02/2007 07:22:56","22/01/2013","1058"
"G399","Merthyr Tydfil",304950,206200,"10/01/2011 13:41:11","22/01/2013","1058"
"G4","Bradford",416500,433000,"23/02/2007 07:52:35","22/01/2013","1058"
"G40","Barnsley",434734,406487,"24/03/2009 09:25:58","22/01/2013","1058"
"G400","Milford Haven",190067,205923,"09/02/2007 07:22:56","22/01/2013","1058"
"G401","Mirfield",420346,419761,"09/02/2007 07:22:56","22/01/2013","1058"
"G402","Montrose",371200,758000,"13/02/2007 16:58:06","22/01/2013","1058"
"G403","Morecambe",343167,464173,"09/02/2007 07:22:56","22/01/2013","1058"
"G404","Moreton-in-Marsh",420626,232425,"09/02/2007 07:22:56","22/01/2013","1058"
"G405","Morpeth",420089,585716,"09/02/2007 07:22:56","22/01/2013","1058"
"G406","Motherwell ",275054,657175,"09/02/2007 07:22:56","22/01/2013","1058"
"G407","Nantwich",365434,352194,"09/02/2007 07:22:56","22/01/2013","1058"
"G408","Neath",275100,197500,"09/02/2007 07:22:56","22/01/2013","1058"
"G409","Nelson",386030,437660,"23/02/2007 07:52:35","22/01/2013","1058"
"G41","Basingstoke",463800,152500,"05/02/2007 08:41:53","22/01/2013","1058"
"G410","New Milton",424234,95184,"09/02/2007 07:22:56","22/01/2013","1058"
"G411","Newbury",447205,166730,"23/02/2007 07:52:35","22/01/2013","1058"
"G412","Newhaven",544756,101512,"23/02/2007 07:52:35","22/01/2013","1058"
"G414","Newton Abbot",286752,71200,"09/02/2007 07:22:56","22/01/2013","1058"
"G415","Newtonmore",271367,798617,"09/02/2007 07:22:56","22/01/2013","1058"
"G416","Newtown (Powys)",310849,291438,"09/02/2007 07:22:56","22/01/2013","1058"
"G417","Nuneaton",436533,292000,"09/02/2007 07:22:56","22/01/2013","1058"
"G418","Oban",185795,729888,"09/02/2007 07:22:56","22/01/2013","1058"
"G419","Oldham",392822,405083,"23/02/2007 07:52:35","22/01/2013","1058"
"G42","Bath Spa",375300,164400,"15/08/2003 13:20:00","22/01/2013","1058"
"G420","Ormskirk",341700,408400,"09/02/2007 07:22:56","22/01/2013","1058"
"G421","Oulton Broad",652105,292726,"09/02/2007 07:22:56","22/01/2013","1058"
"G422","Paisley",248304,664230,"09/02/2007 07:22:56","22/01/2013","1058"
"G423","Penkridge",392168,314089,"09/02/2007 07:22:56","22/01/2013","1058"
"G424","Penrith",351200,529900,"09/02/2007 07:22:56","22/01/2013","1058"
"G425","Pershore",395200,248000,"09/02/2007 07:22:56","22/01/2013","1058"
"G426","Petersfield",474573,123389,"09/02/2007 07:22:56","22/01/2013","1058"
"G427","Pevensey Bay ",565544,104434,"09/02/2007 07:22:56","22/01/2013","1058"
"G428","Pitlochry",293830,758100,"09/02/2007 07:22:56","22/01/2013","1058"
"G429","Pitsea",573796,187840,"09/02/2007 07:22:56","22/01/2013","1058"
"G43","Berwick-Upon-Tweed",399400,653500,"15/08/2003 13:20:00","22/01/2013","1058"
"G430","Polegate",558124,104687,"09/02/2007 07:22:56","22/01/2013","1058"
"G431","Pontypool",329474,199931,"09/02/2007 07:22:56","22/01/2013","1058"
"G432","Pontypridd ",307171,190223,"09/02/2007 07:22:56","22/01/2013","1058"
"G433","Poole",401448,91100,"09/02/2007 07:22:56","22/01/2013","1058"
"G434","Port Talbot ",276557,189878,"06/09/2011 16:14:55","22/01/2013","1058"
"G435","Portslade",526338,105268,"09/02/2007 07:22:56","22/01/2013","1058"
"G436","Redruth",170040,42009,"09/02/2007 07:22:56","22/01/2013","1058"
"G437","Retford ",470716,380703,"09/02/2007 07:22:56","22/01/2013","1058"
"G438","Rochdale",389910,413208,"07/10/2008 08:59:35","22/01/2013","1058"
"G439","Romford",551556,188863,"23/02/2007 07:52:35","22/01/2013","1058"
"G44","Birkenhead",331050,389400,"05/02/2007 08:41:53","22/01/2013","1058"
"G440","Rotherham",442590,393020,"09/02/2007 07:22:56","22/01/2013","1058"
"G441","Royston",535387,241247,"23/02/2007 07:52:35","22/01/2013","1058"
"G442","Ruabon",330335,343797,"09/02/2007 07:22:56","22/01/2013","1058"
"G443","Runcorn",351116,382970,"09/02/2007 07:22:56","22/01/2013","1058"
"G444","Saltash",243058,58833,"09/02/2007 07:22:56","22/01/2013","1058"
"G445","Seaford",548314,99167,"09/02/2007 07:22:56","22/01/2013","1058"
"G446","Sherborne",363874,116541,"23/02/2007 07:52:35","22/01/2013","1058"
"G447","Sheringham",615880,342990,"09/02/2007 07:22:56","22/01/2013","1058"
"G448","Shoreham-by-Sea ",521646,105175,"09/02/2007 07:22:56","22/01/2013","1058"
"G449","Skipton",398677,451570,"09/02/2007 07:22:56","22/01/2013","1058"
"G45","Birmingham International",418800,283800,"05/02/2007 08:41:53","22/01/2013","1058"
"G450","Sleaford",506998,345584,"23/02/2007 07:52:35","22/01/2013","1058"
"G451","Slough",497839,180157,"09/02/2007 07:22:56","22/01/2013","1058"
"G452","Southport",333688,417388,"09/02/2007 07:22:56","22/01/2013","1058"
"G453","Southwick",524244,105142,"23/02/2007 07:52:35","22/01/2013","1058"
"G454","Spalding",524390,322840,"09/02/2007 07:22:56","22/01/2013","1058"
"G455","Spean Bridge",222120,781430,"09/02/2007 07:22:56","22/01/2013","1058"
"G456","St Albans",514705,207100,"09/02/2007 07:22:56","22/01/2013","1058"
"G457","St Annes-on-the-Sea",332089,428843,"09/02/2007 07:22:56","22/01/2013","1058"
"G458","St Austell",201611,52565,"09/02/2007 07:22:56","22/01/2013","1058"
"G459","St Erth",154150,35730,"09/02/2007 07:22:56","22/01/2013","1058"
"G46","Blackburn",368500,427900,"15/08/2003 13:20:00","22/01/2013","1058"
"G460","St Helens",351600,395400,"23/02/2007 07:52:35","22/01/2013","1058"
"G461","St Ives (Cornwall)",151929,40223,"09/02/2007 07:22:56","22/01/2013","1058"
"G462","St Leonards",580316,109385,"23/02/2007 07:52:35","22/01/2013","1058"
"G463","Stamford",503056,306865,"23/02/2007 07:52:35","22/01/2013","1058"
"G464","Starcross",297700,81900,"09/02/2007 07:22:56","22/01/2013","1058"
"G465","Stevenage",523448,224090,"09/02/2007 07:22:56","22/01/2013","1058"
"G466","Stockton-on-Tees",444919,518349,"09/02/2007 07:22:56","22/01/2013","1058"
"G467","Stonehaven",386812,786111,"09/02/2007 07:22:56","22/01/2013","1058"
"G468","Stowmarket",605039,258784,"09/02/2007 07:22:56","22/01/2013","1058"
"G469","Stranraer",206320,560955,"09/02/2007 07:22:56","22/01/2013","1058"
"G47","Blackpool",331030,436587,"12/10/2009 16:06:09","22/01/2013","1058"
"G470","Stratford-upon-Avon",420170,254966,"09/02/2007 07:22:56","22/01/2013","1058"
"G471","Stroud",385006,205208,"21/05/2007 14:54:52","22/01/2013","1058"
"G472","Tain",278180,882370,"09/02/2007 07:22:56","22/01/2013","1058"
"G473","Tamworth",420982,304308,"09/02/2007 07:22:56","22/01/2013","1058"
"G474","Taynuilt",200340,731220,"09/02/2007 07:22:56","22/01/2013","1058"
"G475","Teignmouth",294200,73100,"09/02/2007 07:22:56","22/01/2013","1058"
"G477","Thetford",586822,283355,"23/02/2007 07:52:35","22/01/2013","1058"
"G478","Thirsk",442626,481955,"09/02/2007 07:22:56","22/01/2013","1058"
"G479","Thurso",311666,968245,"09/02/2007 07:22:56","22/01/2013","1058"
"G48","Bournemouth",409700,92000,"05/02/2007 08:41:53","22/01/2013","1058"
"G480","Totnes",280411,60689,"09/02/2007 07:22:56","22/01/2013","1058"
"G481","Truro",182294,44913,"09/02/2007 07:22:56","22/01/2013","1058"
"G482","Tunbridge Wells",558438,139424,"09/02/2007 07:22:56","22/01/2013","1058"
"G483","Uckfield",547300,120898,"09/02/2007 07:22:56","22/01/2013","1058"
"G484","Ulverston",328642,478001,"09/02/2007 07:22:56","22/01/2013","1058"
"G485","Walmer",636601,150179,"09/02/2007 07:22:56","22/01/2013","1058"
"G486","Walsall",401237,298671,"01/04/2010 16:55:05","22/01/2013","1058"
"G487","Walton-on-the-Naze",625177,221571,"09/02/2007 07:22:56","22/01/2013","1058"
"G488","Wareham",392211,87700,"09/02/2007 07:22:56","22/01/2013","1058"
"G489","Warminster",387722,145207,"09/02/2007 07:22:56","22/01/2013","1058"
"G49","Brighton",531000,105000,"15/08/2003 13:20:00","22/01/2013","1058"
"G490","Wellingborough",489916,267839,"09/02/2007 07:22:56","22/01/2013","1058"
"G491","Welshpool",322709,307333,"09/02/2007 07:22:56","22/01/2013","1058"
"G492","Welwyn Garden City",523933,212903,"09/02/2007 07:22:56","22/01/2013","1058"
"G493","Wemyss Bay",219360,668550,"09/02/2007 07:22:56","22/01/2013","1058"
"G494","West Runton",618124,342645,"09/02/2007 07:22:56","22/01/2013","1058"
"G495","West Worthing",513245,102852,"09/02/2007 07:22:56","22/01/2013","1058"
"G496","Westcliff-on-Sea",586700,185754,"09/02/2007 07:22:56","22/01/2013","1058"
"G497","Westgate-on-Sea",632400,170000,"09/02/2007 07:22:56","22/01/2013","1058"
"G498","Whitby",489800,510800,"23/02/2007 07:52:35","22/01/2013","1058"
"G499","Whitehaven",297460,518690,"09/02/2007 07:22:56","22/01/2013","1058"
"G5","Canterbury",614550,157900,"05/02/2007 08:41:53","22/01/2013","1058"
"G50","Bristol",359700,172400,"05/02/2007 08:41:53","22/01/2013","1058"
"G500","Whitstable",611286,166424,"09/02/2007 07:22:56","22/01/2013","1058"
"G501","Wick",336233,950315,"23/02/2007 07:52:35","22/01/2013","1058"
"G502","Widnes",351368,386191,"09/02/2007 07:22:56","22/01/2013","1058"
"G503","Wigton",325300,548900,"09/02/2007 07:22:56","22/01/2013","1058"
"G504","Windermere",341420,498610,"09/02/2007 07:22:56","22/01/2013","1058"
"G505","Windsor",496593,176936,"23/02/2007 07:52:35","22/01/2013","1058"
"G506","Witham",581992,214784,"23/02/2007 07:52:35","22/01/2013","1058"
"G507","Woking",500660,158695,"09/02/2007 07:22:56","22/01/2013","1058"
"G508","Workington",299902,528758,"09/02/2007 07:22:56","22/01/2013","1058"
"G509","Worksop ",458559,379306,"09/02/2007 07:22:56","22/01/2013","1058"
"G51","Burnley",383850,432600,"05/02/2007 08:41:53","22/01/2013","1058"
"G510","Worle",336656,162645,"09/02/2007 07:22:56","22/01/2013","1058"
"G511","Wrexham",333121,350531,"09/02/2007 07:22:56","22/01/2013","1058"
"G512","Wymondham",611400,301153,"23/02/2007 07:52:35","22/01/2013","1058"
"G513","Heathrow 4",508080,174400,"07/03/2008 16:19:23","22/01/2013","1058"
"G514","Heathrow 5",505025,175760,"07/03/2008 16:20:03","22/01/2013","1058"
"G515","Kilmarnock",242810,638140,"29/02/2008 18:19:57","22/01/2013","1058"
"G516","Castleford",442652,425528,"05/06/2009 17:06:31","22/01/2013","1058"
"G517","Kirkcaldy",327524,691647,"23/12/2010 15:02:11","22/01/2013","1058"
"G52","Burton-on-Trent",424200,323200,"25/05/2011 17:12:01","22/01/2013","1058"
"G53","Cambridge",546200,257300,"15/08/2003 13:20:00","22/01/2013","1058"
"G54","Cardiff",318210,176042,"19/06/2009 14:19:47","22/01/2013","1058"
"G55","Carlisle",340200,555500,"05/02/2007 08:41:53","22/01/2013","1058"
"G56","Chelmsford",570600,207100,"05/02/2007 08:41:53","22/01/2013","1058"
"G57","Cheltenham Spa",393200,222000,"15/08/2003 13:20:00","22/01/2013","1058"
"G58","Chester",341315,366960,"09/10/2009 19:19:34","22/01/2013","1058"
"G59","Chesterfield",438800,371400,"15/08/2003 13:20:00","22/01/2013","1058"
"G6","Catford (London)",537250,173600,"05/02/2007 08:41:53","22/01/2013","1058"
"G60","Chichester",485800,104300,"23/02/2007 07:52:35","22/01/2013","1058"
"G61","Coventry",433200,278200,"05/02/2007 08:41:53","22/01/2013","1058"
"G62","Crewe",371100,354800,"05/02/2007 08:41:53","22/01/2013","1058"
"G63","Darlington",429400,514000,"05/02/2007 08:41:53","22/01/2013","1058"
"G64","Derby",436150,335550,"23/06/2006 14:30:00","22/01/2013","1058"
"G65","Doncaster",457100,403100,"05/02/2007 08:41:53","22/01/2013","1058"
"G66","Dover",631300,141500,"15/08/2003 13:20:00","22/01/2013","1058"
"G67","Dundee",339200,729400,"15/08/2003 13:20:00","22/01/2013","1058"
"G68","Durham",427000,542800,"05/02/2007 08:41:53","22/01/2013","1058"
"G69","Eastbourne",561000,99100,"15/08/2003 13:20:00","22/01/2013","1058"
"G7","Colchester",599100,226417,"07/10/2008 09:15:26","22/01/2013","1058"
"G70","Edinburgh",325900,673900,"05/02/2007 08:41:53","22/01/2013","1058"
"G71","Exeter",291149,93321,"19/06/2009 14:16:44","22/01/2013","1058"
"G72","Fishguard Harbour",195200,239000,"05/02/2007 08:41:53","22/01/2013","1058"
"G73","Fort William",210500,774200,"05/02/2007 08:41:53","22/01/2013","1058"
"G74","Gatwick Airport",528700,141300,"05/02/2007 08:41:53","22/01/2013","1058"
"G75","Gillingham (Kent)",577565,168384,"05/02/2007 08:44:00","22/01/2013","1058"
"G76","Gloucester",383626,218578,"03/12/2010 19:28:25","22/01/2013","1058"
"G77","Grantham",491400,335200,"05/02/2007 08:41:53","22/01/2013","1058"
"G78","Grimsby",527150,409790,"05/02/2007 08:41:53","22/01/2013","1058"
"G79","Halifax",409700,424900,"15/08/2003 13:20:00","22/01/2013","1058"
"G8","Croydon",532500,165950,"14/08/2003 16:42:00","22/01/2013","1058"
"G80","Harrogate",430400,455200,"05/02/2007 08:41:53","22/01/2013","1058"
"G81","Hartlepool",451200,532700,"05/02/2007 08:41:53","22/01/2013","1058"
"G82","Hereford",351500,240500,"05/02/2007 08:41:53","22/01/2013","1058"
"G83","Holyhead",224800,382200,"05/02/2007 08:41:53","22/01/2013","1058"
"G84","Huddersfield",414300,416900,"05/02/2007 08:41:53","22/01/2013","1058"
"G85","Hull",509200,428800,"15/08/2003 13:20:00","22/01/2013","1058"
"G86","Inverness",266753,845428,"20/09/2010 18:30:08","22/01/2013","1058"
"G87","Ipswich",615700,243800,"05/02/2007 08:41:53","22/01/2013","1058"
"G88","Kettering",486400,278000,"05/02/2007 08:41:53","22/01/2013","1058"
"G89","Lancaster",347200,461700,"05/02/2007 08:41:53","22/01/2013","1058"
"G9","Dorchester",369000,90100,"14/08/2003 16:42:00","22/01/2013","1058"
"G90","Leamington Spa",431700,265300,"05/02/2007 08:41:53","22/01/2013","1058"
"G91","Leeds",429800,433300,"15/08/2003 13:20:00","22/01/2013","1058"
"G92","Leicester",459300,304100,"05/02/2007 08:41:53","22/01/2013","1058"
"G93","Lincoln",497660,370957,"10/07/2009 15:50:22","22/01/2013","1058"
"G94","Luton",509259,221604,"05/02/2007 08:47:17","22/01/2013","1058"
"G95","Luton Airport",510700,220400,"15/08/2003 13:20:00","22/01/2013","1058"
"G96","Manchester Airport",382200,385000,"05/02/2007 08:41:53","22/01/2013","1058"
"G98","Middlesbrough",449700,520700,"05/02/2007 08:41:53","22/01/2013","1058"
"G99","Milton Keynes",484207,238060,"04/10/2007 17:27:45","22/01/2013","1058"
