<?xml version="1.0" encoding="utf-8"?>
<soap:Envelope xmlns:xsi="http://www.w3.org/2001/XMLSchema-instance" xmlns:xsd="http://www.w3.org/2001/XMLSchema" xmlns:soap="http://schemas.xmlsoap.org/soap/envelope/">
  <soap:Body>
    <PlanPublicJourney xmlns="http://www.transportdirect.info/TransportDirect.EnhancedExposedServices.JourneyPlanner.V1">
    <transactionId>testJPasync</transactionId>
        <language>cy-GB</language>
        <request>
          <IsReturnRequired>false</IsReturnRequired>
          <OutwardArriveBefore>false</OutwardArriveBefore>
          <OutwardDateTime>2013-03-18T18:32:26.2939351-00:00</OutwardDateTime>
          <InterchangeSpeed>0</InterchangeSpeed>
          <WalkingSpeed>80</WalkingSpeed>
          <MaxWalkingTime>5</MaxWalkingTime>
          <OriginLocation>
            <Type>Postcode</Type>
            <Postcode>W3 7JW</Postcode>
          </OriginLocation>
          <DestinationLocation>
            <Type>Postcode</Type>
            <Postcode>EC1R 3HN</Postcode>
          </DestinationLocation>
          <Sequence>3</Sequence>
        </request>
    </PlanPublicJourney>
  </soap:Body>
</soap:Envelope>