<?xml version="1.0" encoding="UTF-8"?>
<SJPParkAndRideLocations xmlns="http://www.transportdirect.info/SJPParkAndRideLocations"
    xmlns:xsi="http://www.w3.org/2001/XMLSchema-instance"
    xsi:schemaLocation="http://www.transportdirect.info/SJPParkAndRideLocations SJPParkAndRideLocations_v3.xsd">
    
    <!-- VERSION HISTORY
        
        CHANGES IN V0.2
            - Referencing v2 of Park and Ride schema
        CHANGES IN V0.3
            - Added blue badge parking at Olympic Park, ExCeL, Greenwich Park, Earls Court and Hadleigh Farm 
        CHANGES IN V0.4
            - Added all car parks at Lee Valley and remaining (non blue badge) car parks at Hadleigh Farm
        CHANGES IN V0.5
            - Amended to reference v3 of the P&R schema
            - Corrected 2011 dates to 2012
            
        Notes - As services become more defined, it is sensible to have the parking interchange duration reflect the frequency of the 
                shuttle as well as the pure walk. This will need to be amended in later versions of the data
    -->
    
    <!-- OLYMPIC PARK -->   
    <OlympicVenue>
        <VenueName>Olympic Park</VenueName>
        <VenueNaPTAN>8100OPK</VenueNaPTAN>
        <OlympicCarPark>
            <CarParkID>OPK_CAR01</CarParkID>
            <CarParkName>Lakeside</CarParkName>
            <DriveFromCoordinate>
                <Easting>558753</Easting>
                <Northing>179234</Northing>
            </DriveFromCoordinate>
            <DriveToCoordinate>
                <Easting>558753</Easting>
                <Northing>179234</Northing>
            </DriveToCoordinate>
            <MapOfSiteURL></MapOfSiteURL>
            <ParkingInterchangeDuration>10</ParkingInterchangeDuration>     <!-- Number is approximate -->
            <ParkingSpaces>
                <CarSpaces>1950</CarSpaces>
                <BlueBadgeSpaces>20</BlueBadgeSpaces>
            </ParkingSpaces>
            <AvailabilityConditions>
                <AvailabilityCondition>
                    <AvailabilityID>OPK_CAR01_OLYMP</AvailabilityID>
                    <FromDate>2012-07-27</FromDate>
                    <ToDate>2012-08-12</ToDate>
                    <DaysOfWeek>Everyday</DaysOfWeek>
                    <DailyOpeningTime>00:00:00</DailyOpeningTime>
                    <DailyClosingTime>23:59:59</DailyClosingTime>
                </AvailabilityCondition>
                <AvailabilityCondition>
                    <AvailabilityID>OPK_CAR01_PARA</AvailabilityID>
                    <FromDate>2012-08-26</FromDate>
                    <ToDate>2012-09-12</ToDate>
                    <DaysOfWeek>Everyday</DaysOfWeek>
                    <DailyOpeningTime>00:00:00</DailyOpeningTime>
                    <DailyClosingTime>23:59:59</DailyClosingTime>
                </AvailabilityCondition>
            </AvailabilityConditions>
        </OlympicCarPark>        
        <OlympicCarPark>
            <CarParkID>OPK_CAR02</CarParkID>
            <CarParkName>Hertfordshire County Showground</CarParkName>
            <DriveFromCoordinate>
                <Easting>509675</Easting>
                <Northing>214089</Northing>
            </DriveFromCoordinate>
            <DriveToCoordinate>
                <Easting>509675</Easting>
                <Northing>214089</Northing>
            </DriveToCoordinate>
            <MapOfSiteURL></MapOfSiteURL>
            <ParkingInterchangeDuration>10</ParkingInterchangeDuration>     <!-- Number is approximate -->
            <ParkingSpaces>
                <CarSpaces>3047</CarSpaces>
                <BlueBadgeSpaces>31</BlueBadgeSpaces>
            </ParkingSpaces>
            <AvailabilityConditions>
                <AvailabilityCondition>
                    <AvailabilityID>OPK_CAR02_OLYMP</AvailabilityID>
                    <FromDate>2012-07-27</FromDate>
                    <ToDate>2012-08-12</ToDate>
                    <DaysOfWeek>Everyday</DaysOfWeek>
                    <DailyOpeningTime>00:00:00</DailyOpeningTime>
                    <DailyClosingTime>23:59:59</DailyClosingTime>
                </AvailabilityCondition>
                <AvailabilityCondition>
                    <AvailabilityID>OPK_CAR02_PARA</AvailabilityID>
                    <FromDate>2012-08-26</FromDate>
                    <ToDate>2012-09-12</ToDate>
                    <DaysOfWeek>Everyday</DaysOfWeek>
                    <DailyOpeningTime>00:00:00</DailyOpeningTime>
                    <DailyClosingTime>23:59:59</DailyClosingTime>
                </AvailabilityCondition>
            </AvailabilityConditions>
        </OlympicCarPark>        
        <OlympicCarPark>
            <CarParkID>OPK_CAR03</CarParkID>
            <CarParkName>Ebbsfleet International Rail Station</CarParkName>
            <DriveFromCoordinate>
                <Easting>561233</Easting>
                <Northing>173620</Northing>
            </DriveFromCoordinate>
            <DriveToCoordinate>
                <Easting>561233</Easting>
                <Northing>173620</Northing>
            </DriveToCoordinate>
            <MapOfSiteURL></MapOfSiteURL>
            <ParkingInterchangeDuration>10</ParkingInterchangeDuration>
            <ParkingSpaces>
                <CarSpaces>2470</CarSpaces>             <!-- Approximate: TBC -->
                <BlueBadgeSpaces>30</BlueBadgeSpaces>   <!-- Approximate: TBC -->
            </ParkingSpaces>
            <AvailabilityConditions>
                <AvailabilityCondition>
                    <AvailabilityID>OPK_CAR03_OLYMP</AvailabilityID>
                    <FromDate>2012-07-27</FromDate>
                    <ToDate>2012-08-12</ToDate>
                    <DaysOfWeek>Everyday</DaysOfWeek>
                    <DailyOpeningTime>00:00:00</DailyOpeningTime>
                    <DailyClosingTime>23:59:59</DailyClosingTime>
                </AvailabilityCondition>
                <AvailabilityCondition>
                    <AvailabilityID>OPK_CAR03_PARA</AvailabilityID>
                    <FromDate>2012-08-26</FromDate>
                    <ToDate>2012-09-12</ToDate>
                    <DaysOfWeek>Everyday</DaysOfWeek>
                    <DailyOpeningTime>00:00:00</DailyOpeningTime>
                    <DailyClosingTime>23:59:59</DailyClosingTime>
                </AvailabilityCondition>
            </AvailabilityConditions>
        </OlympicCarPark>        
    </OlympicVenue>
    <TransitShuttle>
        <TransitShuttleID>OPK_CAR01_SH01_IN</TransitShuttleID>
        <VenueServed>8100OPK</VenueServed>
        <CarParkServed>OPK_CAR01</CarParkServed>
        <ToVenue>true</ToVenue>
        <ModeOfTransport>shuttlebus</ModeOfTransport>
        <TransitDuration>60</TransitDuration>
        <IsScheduledService>false</IsScheduledService>
        <IsPRMOnly>false</IsPRMOnly>
        <VenueGateToUse>8100OPKgS</VenueGateToUse>
        <ShuttleFrequency>
            <ServiceFrequency>12</ServiceFrequency>     <!-- 5 buses per hour, hence every 12 mins -->
            <FirstOfDay>06:00:00</FirstOfDay>
            <LastOfDay>23:00:00</LastOfDay>
        </ShuttleFrequency>
    </TransitShuttle>
    <TransitShuttle>
        <TransitShuttleID>OPK_CAR01_SH01_OUT</TransitShuttleID>
        <VenueServed>8100OPK</VenueServed>
        <CarParkServed>OPK_CAR01</CarParkServed>
        <ToVenue>false</ToVenue>
        <ModeOfTransport>shuttlebus</ModeOfTransport>
        <TransitDuration>60</TransitDuration>
        <IsScheduledService>false</IsScheduledService>
        <IsPRMOnly>false</IsPRMOnly>
        <VenueGateToUse>8100OPKgS</VenueGateToUse>
        <ShuttleFrequency>
            <ServiceFrequency>12</ServiceFrequency>
            <FirstOfDay>07:00:00</FirstOfDay>
            <LastOfDay>02:00:00</LastOfDay>             <!-- Need to confirm use of early morning times for "last" -->
        </ShuttleFrequency>
    </TransitShuttle>
    <TransitShuttle>
        <TransitShuttleID>OPK_CAR02_SH01_IN</TransitShuttleID>
        <VenueServed>8100OPK</VenueServed>
        <CarParkServed>OPK_CAR02</CarParkServed>
        <ToVenue>true</ToVenue>
        <ModeOfTransport>shuttlebus</ModeOfTransport>
        <TransitDuration>90</TransitDuration>
        <IsScheduledService>false</IsScheduledService>
        <IsPRMOnly>false</IsPRMOnly>
        <VenueGateToUse>8100OPKgN</VenueGateToUse>
        <ShuttleFrequency>
            <ServiceFrequency>6</ServiceFrequency>
            <FirstOfDay>06:00:00</FirstOfDay>
            <LastOfDay>23:00:00</LastOfDay>
        </ShuttleFrequency>
    </TransitShuttle>
    <TransitShuttle>
        <TransitShuttleID>OPK_CAR02_SH01_OUT</TransitShuttleID>
        <VenueServed>8100OPK</VenueServed>
        <CarParkServed>OPK_CAR02</CarParkServed>
        <ToVenue>false</ToVenue>
        <ModeOfTransport>shuttlebus</ModeOfTransport>
        <TransitDuration>90</TransitDuration>
        <IsScheduledService>false</IsScheduledService>
        <IsPRMOnly>false</IsPRMOnly>
        <VenueGateToUse>8100OPKgN</VenueGateToUse>
        <ShuttleFrequency>
            <ServiceFrequency>6</ServiceFrequency>
            <FirstOfDay>08:00:00</FirstOfDay>
            <LastOfDay>02:00:00</LastOfDay>             <!-- Need to confirm use of early morning times for "last" -->
        </ShuttleFrequency>
    </TransitShuttle>
    <TransitShuttle>
        <TransitShuttleID>OPK_CAR03_SH01_IN</TransitShuttleID>
        <VenueServed>8100OPK</VenueServed>
        <CarParkServed>OPK_CAR03</CarParkServed>
        <ToVenue>true</ToVenue>
        <ModeOfTransport>rail</ModeOfTransport>
        <TransitDuration>11</TransitDuration>
        <IsScheduledService>true</IsScheduledService>
        <IsPRMOnly>false</IsPRMOnly>
        <VenueGateToUse>8100OPKgE</VenueGateToUse>
        <ShuttleFrequency>
            <ServiceFrequency>15</ServiceFrequency>
            <FirstOfDay>05:33:00</FirstOfDay>
            <LastOfDay>23:33:00</LastOfDay>
        </ShuttleFrequency>
    </TransitShuttle>
    <TransitShuttle>
        <TransitShuttleID>OPK_CAR03_SH01_OUT</TransitShuttleID>
        <VenueServed>8100OPK</VenueServed>
        <CarParkServed>OPK_CAR03</CarParkServed>
        <ToVenue>false</ToVenue>
        <ModeOfTransport>rail</ModeOfTransport>
        <TransitDuration>11</TransitDuration>
        <IsScheduledService>true</IsScheduledService>
        <IsPRMOnly>false</IsPRMOnly>
        <VenueGateToUse>8100OPKgE</VenueGateToUse>
        <ShuttleFrequency>
            <ServiceFrequency>15</ServiceFrequency>
            <FirstOfDay>06:32:00</FirstOfDay>
            <LastOfDay>23:32:00</LastOfDay>
        </ShuttleFrequency>
    </TransitShuttle>
    
    <!-- RIVER ZONE VENUES -->
    <!-- EXCEL -->
    <OlympicVenue>
        <VenueName>ExCeL</VenueName>
        <VenueNaPTAN>8100EXL</VenueNaPTAN>
        <OlympicCarPark>
            <CarParkID>EXL_BB01</CarParkID>
            <CarParkName>ExCeL Blue Badge Car Park</CarParkName>
            <DriveFromCoordinate>
                <Easting>540372</Easting>
                <Northing>180750</Northing>
            </DriveFromCoordinate>
            <DriveToCoordinate>
                <Easting>540372</Easting>
                <Northing>180750</Northing>
            </DriveToCoordinate>
            <MapOfSiteURL></MapOfSiteURL>
            <ParkingInterchangeDuration>5</ParkingInterchangeDuration>
            <ParkingSpaces>
                <BlueBadgeSpaces>230</BlueBadgeSpaces>
            </ParkingSpaces>
            <!-- Requires AvaialabilityConditions to be Added -->
        </OlympicCarPark>
    </OlympicVenue>
    <TransitShuttle>
        <TransitShuttleID>EXL_BB01_WK01_IN</TransitShuttleID>
        <VenueServed>8100EXL</VenueServed>
        <CarParkServed>EXL_BB01</CarParkServed>
        <ToVenue>true</ToVenue>
        <ModeOfTransport>walk</ModeOfTransport>
        <TransitDuration>15</TransitDuration>       <!-- Approximate: TBC -->
        <IsScheduledService>false</IsScheduledService>
        <IsPRMOnly>true</IsPRMOnly>
        <VenueGateToUse>8100EXLgEntr</VenueGateToUse>
        <!-- In future versions of schema ShuttleFrequency may be omitted for walks. However is compulsory for now so is set to a default of walk every minute! -->
        <ShuttleFrequency>
            <ServiceFrequency>1</ServiceFrequency>
            <FirstOfDay>00:00:00</FirstOfDay>
            <LastOfDay>23:59:59</LastOfDay>
        </ShuttleFrequency>
    </TransitShuttle>
    <TransitShuttle>
        <TransitShuttleID>EXL_BB01_WK01_OUT</TransitShuttleID>
        <VenueServed>8100EXL</VenueServed>
        <CarParkServed>EXL_BB01</CarParkServed>
        <ToVenue>false</ToVenue>
        <ModeOfTransport>walk</ModeOfTransport>
        <TransitDuration>15</TransitDuration>       <!-- Approximate: TBC -->
        <IsScheduledService>false</IsScheduledService>
        <IsPRMOnly>true</IsPRMOnly>
        <VenueGateToUse>8100EXLgExit</VenueGateToUse>
        <!-- In future versions of schema ShuttleFrequency may be omitted for walks. However is compulsory for now so is set to a default of walk every minute! -->
        <ShuttleFrequency>
            <ServiceFrequency>1</ServiceFrequency>
            <FirstOfDay>00:00:00</FirstOfDay>
            <LastOfDay>23:59:59</LastOfDay>
        </ShuttleFrequency>
    </TransitShuttle>
    
    <!-- GREENWICH PARK -->
    <OlympicVenue>
        <VenueName>Greenwich Park</VenueName>
        <VenueNaPTAN>8100GRP</VenueNaPTAN>
        <OlympicCarPark>
            <CarParkID>GRP_BB01</CarParkID>
            <CarParkName>Greenwich Park Blue Badge Car Park (Old Naval College)</CarParkName>
            <DriveFromCoordinate>
                <Easting>538711</Easting>
                <Northing>177904</Northing>
            </DriveFromCoordinate>
            <DriveToCoordinate>
                <Easting>538711</Easting>
                <Northing>177904</Northing>
            </DriveToCoordinate>
            <MapOfSiteURL></MapOfSiteURL>
            <ParkingInterchangeDuration>5</ParkingInterchangeDuration>
            <ParkingSpaces>
                <BlueBadgeSpaces>65</BlueBadgeSpaces>
            </ParkingSpaces>
            <!-- Requires AvaialabilityConditions to be Added -->
        </OlympicCarPark>
    </OlympicVenue>
    <TransitShuttle>
        <TransitShuttleID>GRP_BB01_WK01_IN</TransitShuttleID>
        <VenueServed>8100GRP</VenueServed>
        <CarParkServed>GRP_BB01</CarParkServed>
        <ToVenue>true</ToVenue>
        <ModeOfTransport>walk</ModeOfTransport>
        <TransitDuration>15</TransitDuration>       <!-- Approximate: TBC -->
        <IsScheduledService>false</IsScheduledService>
        <IsPRMOnly>true</IsPRMOnly>
        <VenueGateToUse>8100GRPgGNW</VenueGateToUse>
        <!-- In future versions of schema ShuttleFrequency may be omitted for walks. However is compulsory for now so is set to a default of walk every minute! -->
        <ShuttleFrequency>
            <ServiceFrequency>1</ServiceFrequency>
            <FirstOfDay>00:00:00</FirstOfDay>
            <LastOfDay>23:59:59</LastOfDay>
        </ShuttleFrequency>
    </TransitShuttle>
    <TransitShuttle>
        <TransitShuttleID>GRP_BB01_WK01_OUT</TransitShuttleID>
        <VenueServed>8100GRP</VenueServed>
        <CarParkServed>GRP_BB01</CarParkServed>
        <ToVenue>false</ToVenue>
        <ModeOfTransport>walk</ModeOfTransport>
        <TransitDuration>15</TransitDuration>       <!-- Approximate: TBC -->
        <IsScheduledService>false</IsScheduledService>
        <IsPRMOnly>true</IsPRMOnly>
        <VenueGateToUse>8100GRPgGNW</VenueGateToUse>
        <!-- In future versions of schema ShuttleFrequency may be omitted for walks. However is compulsory for now so is set to a default of walk every minute! -->
        <ShuttleFrequency>
            <ServiceFrequency>1</ServiceFrequency>
            <FirstOfDay>00:00:00</FirstOfDay>
            <LastOfDay>23:59:59</LastOfDay>
        </ShuttleFrequency>
    </TransitShuttle>
    
    <!-- NORTH GREENWICH ARENA -->
    <OlympicVenue>
        <VenueName>North Greenwich Arena</VenueName>
        <VenueNaPTAN>8100NGA</VenueNaPTAN>
    </OlympicVenue>
    
    <!-- ROYAL ARTILLERY BARRACKS -->
    <OlympicVenue>
        <VenueName>Royal Artillery Barracks</VenueName>
        <VenueNaPTAN>8100RAB</VenueNaPTAN>
    </OlympicVenue>
    
    <!-- LONDON VENUES -->
    <!-- EARLS COURT -->
    <OlympicVenue>
        <VenueName>Earls Court</VenueName>
        <VenueNaPTAN>8100EAR</VenueNaPTAN>
        <OlympicCarPark>
            <CarParkID>EAR_BB01</CarParkID>
            <CarParkName>Seagrave Road Blue Badge Car Park</CarParkName>
            <DriveFromCoordinate>
                <Easting>525344</Easting>
                <Northing>177896</Northing>
            </DriveFromCoordinate>
            <DriveToCoordinate>
                <Easting>525429</Easting>
                <Northing>177744</Northing>
            </DriveToCoordinate>
            <MapOfSiteURL></MapOfSiteURL>
            <ParkingInterchangeDuration>10</ParkingInterchangeDuration>
            <ParkingSpaces>
                <BlueBadgeSpaces>65</BlueBadgeSpaces>          
            </ParkingSpaces>
        </OlympicCarPark>
    </OlympicVenue>
    <TransitShuttle>
        <TransitShuttleID>EAR_BB01_WK01_IN</TransitShuttleID>
        <VenueServed>8100EAR</VenueServed>
        <CarParkServed>EAR_BB1</CarParkServed>
        <ToVenue>true</ToVenue>
        <ModeOfTransport>walk</ModeOfTransport>
        <TransitJourneyDescription><TransitText>Turn right out of car park and walk north up Seagrave Road and turn right into Old Brompton Road. 
            Entrance to venue is on left in approximately 120m</TransitText><TransitLanguage>en</TransitLanguage></TransitJourneyDescription>
        <TransitDuration>15</TransitDuration>
        <IsScheduledService>false</IsScheduledService>
        <IsPRMOnly>true</IsPRMOnly>
        <VenueGateToUse>8100EARgEntr</VenueGateToUse>
        <!-- In future versions of schema ShuttleFrequency may be omitted for walks. However is compulsory for now so is set to a default of walk every minute! -->
        <ShuttleFrequency>
            <ServiceFrequency>1</ServiceFrequency>
            <FirstOfDay>00:00:00</FirstOfDay>
            <LastOfDay>23:59:59</LastOfDay>
        </ShuttleFrequency>
    </TransitShuttle>
    <TransitShuttle>
        <TransitShuttleID>EAR_BB01_WK01_OUT</TransitShuttleID>
        <VenueServed>8100EAR</VenueServed>
        <CarParkServed>EAR_BB1</CarParkServed>
        <ToVenue>false</ToVenue>
        <ModeOfTransport>walk</ModeOfTransport>
        <TransitJourneyDescription><TransitText>Turn right out venue onto Warwick Road, and take second right into Kempsford Gardens in approximately 130m. 
            At end of road, turn right into West Brompton Road and once over railway bridge, in approximately 250m, turn left into Seagrave Road. Car 
            park entrance is on left in approximately 100m</TransitText><TransitLanguage>en</TransitLanguage></TransitJourneyDescription>
        <TransitDuration>15</TransitDuration>
        <IsScheduledService>false</IsScheduledService>
        <IsPRMOnly>true</IsPRMOnly>
        <VenueGateToUse>8100EARgExit</VenueGateToUse>
        <!-- In future versions of schema ShuttleFrequency may be omitted for walks. However is compulsory for now so is set to a default of walk every minute! -->
        <ShuttleFrequency>
            <ServiceFrequency>1</ServiceFrequency>
            <FirstOfDay>00:00:00</FirstOfDay>
            <LastOfDay>23:59:59</LastOfDay>
        </ShuttleFrequency>
    </TransitShuttle>
    
    <!-- LORDS CRICKET GROUND -->
    <OlympicVenue>
        <VenueName>Lords Cricket Ground</VenueName>
        <VenueNaPTAN>8100LCG</VenueNaPTAN>
    </OlympicVenue>
    
    <!-- WIMBLEDON -->
    <OlympicVenue>
        <VenueName>Wimbledon</VenueName>
        <VenueNaPTAN>8100WIM</VenueNaPTAN>
    </OlympicVenue>
    
    <!-- HORSE GUARDS PARADE -->
    <OlympicVenue>
        <VenueName>Horse Guards Parade</VenueName>
        <VenueNaPTAN>8100HGP</VenueNaPTAN>
    </OlympicVenue>
    
    <!-- THE MALL -->
    <OlympicVenue>
        <VenueName>The Mall</VenueName>
        <VenueNaPTAN>8100MAL</VenueNaPTAN>
    </OlympicVenue>
    
    <!-- HYDE PARK -->
    <OlympicVenue>
        <VenueName>Hyde Park</VenueName>
        <VenueNaPTAN>8100HYD</VenueNaPTAN>
    </OlympicVenue>
    
    <!-- WEMBLEY ARENA -->
    <OlympicVenue>
        <VenueName>Wembley Arena</VenueName>
        <VenueNaPTAN>8100WEA</VenueNaPTAN>
    </OlympicVenue>    
    
    <!-- OUT OF LONDON VENUES -->
    <!-- LEE VALLEY -->
    <OlympicVenue>
        <VenueName>Lee Valley</VenueName>
        <VenueNaPTAN>8100LVC</VenueNaPTAN>
        <OlympicCarPark>
            <CarParkID>LVC_CAR01</CarParkID>
            <CarParkName>North Weald Airfield</CarParkName>
            <DriveFromCoordinate>
                <Easting>548975</Easting>
                <Northing>203844</Northing>
            </DriveFromCoordinate>
            <DriveToCoordinate>
                <Easting>548975</Easting>
                <Northing>203844</Northing>
            </DriveToCoordinate>
            <MapOfSiteURL></MapOfSiteURL>
            <ParkingInterchangeDuration>15</ParkingInterchangeDuration>
            <ParkingSpaces>
                <CarSpaces>3166</CarSpaces>
                <BlueBadgeSpaces>32</BlueBadgeSpaces>
            </ParkingSpaces>
            <AvailabilityConditions>
                <AvailabilityCondition>
                    <!-- Closing time varies. As more information is released, may need multiple availability conditions -->
                    <AvailabilityID>LVC_CAR01_AV01</AvailabilityID>
                    <FromDate>2012-07-29</FromDate>
                    <ToDate>2012-08-02</ToDate>
                    <DaysOfWeek>Everyday</DaysOfWeek>
                    <DailyOpeningTime>09:30:00</DailyOpeningTime>
                    <DailyClosingTime>21:30:00</DailyClosingTime>
                </AvailabilityCondition>
            </AvailabilityConditions>
        </OlympicCarPark>
        <OlympicCarPark>
            <CarParkID>LVC_CAR02</CarParkID>
            <CarParkName>University of Hertfordshire</CarParkName>
            <DriveFromCoordinate>
                <Easting>521381</Easting>
                <Northing>207337</Northing>
            </DriveFromCoordinate>
            <DriveToCoordinate>
                <Easting>521381</Easting>
                <Northing>207337</Northing>
            </DriveToCoordinate>
            <MapOfSiteURL></MapOfSiteURL>
            <ParkingInterchangeDuration>15</ParkingInterchangeDuration>
            <ParkingSpaces>
                <CarSpaces>788</CarSpaces>
                <BlueBadgeSpaces>12</BlueBadgeSpaces>
            </ParkingSpaces>
            <AvailabilityConditions>
                <AvailabilityCondition>
                    <!-- Closing time varies. As more information is released, may need multiple availability conditions -->
                    <AvailabilityID>LVC_CAR02_AV01</AvailabilityID>
                    <FromDate>2012-07-29</FromDate>
                    <ToDate>2012-08-02</ToDate>
                    <DaysOfWeek>Everyday</DaysOfWeek>
                    <DailyOpeningTime>09:30:00</DailyOpeningTime>
                    <DailyClosingTime>21:30:00</DailyClosingTime>
                </AvailabilityCondition>
            </AvailabilityConditions>
        </OlympicCarPark>
        <OlympicCarPark>
            <CarParkID>LVC_BB03</CarParkID>
            <CarParkName>Lee Valley White Water Centre Blue Badge Car Park</CarParkName>
            <DriveFromCoordinate>
                <Easting>537323</Easting>
                <Northing>200644</Northing>
            </DriveFromCoordinate>
            <DriveToCoordinate>
                <Easting>537323</Easting>
                <Northing>200644</Northing>
            </DriveToCoordinate>
            <MapOfSiteURL></MapOfSiteURL>
            <ParkingInterchangeDuration>5</ParkingInterchangeDuration>
            <ParkingSpaces>
                <BlueBadgeSpaces>120</BlueBadgeSpaces>
            </ParkingSpaces>
            <AvailabilityConditions>
                <AvailabilityCondition>
                    <!-- Closing time varies. As more information is released, may need multiple availability conditions -->
                    <AvailabilityID>LVC_CAR02_AV01</AvailabilityID>
                    <FromDate>2012-07-29</FromDate>
                    <ToDate>2012-08-02</ToDate>
                    <DaysOfWeek>Everyday</DaysOfWeek>
                    <DailyOpeningTime>09:30:00</DailyOpeningTime>
                    <DailyClosingTime>21:30:00</DailyClosingTime>
                </AvailabilityCondition>
            </AvailabilityConditions>
        </OlympicCarPark>
    </OlympicVenue>
    <TransitShuttle>
        <TransitShuttleID>LVC_CAR01_SH01_IN</TransitShuttleID>
        <VenueServed>8100LVC</VenueServed>
        <CarParkServed>LVC_CAR01</CarParkServed>
        <ToVenue>true</ToVenue>
        <ModeOfTransport>shuttlebus</ModeOfTransport>
        <TransitDuration>30</TransitDuration>
        <IsScheduledService>false</IsScheduledService>
        <IsPRMOnly>false</IsPRMOnly>
        <VenueGateToUse>8100LVCg0</VenueGateToUse>
        <ShuttleFrequency>
            <ServiceFrequency>12</ServiceFrequency>
            <FirstOfDay>10:30:00</FirstOfDay>
            <LastOfDay>13:30:00</LastOfDay>
        </ShuttleFrequency>
    </TransitShuttle>
    <TransitShuttle>
        <TransitShuttleID>LVC_CAR01_SH01_OUT</TransitShuttleID>
        <VenueServed>8100LVC</VenueServed>
        <CarParkServed>LVC_CAR01</CarParkServed>
        <ToVenue>false</ToVenue>
        <ModeOfTransport>shuttlebus</ModeOfTransport>
        <TransitDuration>30</TransitDuration>
        <IsScheduledService>false</IsScheduledService>
        <IsPRMOnly>false</IsPRMOnly>
        <VenueGateToUse>8100LVCg0</VenueGateToUse>
        <ShuttleFrequency>
            <ServiceFrequency>12</ServiceFrequency>
            <!-- These times cover full range, but varies by day (1730 to 2000, 1530 to 1800, 1630 to 1900). Awaiting schema update to code fully -->
            <FirstOfDay>15:30:00</FirstOfDay>
            <LastOfDay>20:00:00</LastOfDay>
        </ShuttleFrequency>
    </TransitShuttle>
    <TransitShuttle>
        <TransitShuttleID>LVC_CAR02_SH01_IN</TransitShuttleID>
        <VenueServed>8100LVC</VenueServed>
        <CarParkServed>LVC_CAR02</CarParkServed>
        <ToVenue>true</ToVenue>
        <ModeOfTransport>shuttlebus</ModeOfTransport>
        <TransitDuration>35</TransitDuration>
        <IsScheduledService>false</IsScheduledService>
        <IsPRMOnly>false</IsPRMOnly>
        <VenueGateToUse>8100LVCg0</VenueGateToUse>
        <ShuttleFrequency>
            <ServiceFrequency>12</ServiceFrequency>
            <FirstOfDay>10:30:00</FirstOfDay>
            <LastOfDay>13:30:00</LastOfDay>
        </ShuttleFrequency>
    </TransitShuttle>
    <TransitShuttle>
        <TransitShuttleID>LVC_CAR02_SH01_OUT</TransitShuttleID>
        <VenueServed>8100LVC</VenueServed>
        <CarParkServed>LVC_CAR02</CarParkServed>
        <ToVenue>false</ToVenue>
        <ModeOfTransport>shuttlebus</ModeOfTransport>
        <TransitDuration>35</TransitDuration>
        <IsScheduledService>false</IsScheduledService>
        <IsPRMOnly>false</IsPRMOnly>
        <VenueGateToUse>8100LVCg0</VenueGateToUse>
        <ShuttleFrequency>
            <ServiceFrequency>12</ServiceFrequency>
            <!-- These times cover full range, but varies by day (1730 to 2000, 1530 to 1800, 1630 to 1900). Awaiting schema update to code fully -->
            <FirstOfDay>15:30:00</FirstOfDay>
            <LastOfDay>20:00:00</LastOfDay>
        </ShuttleFrequency>
    </TransitShuttle>
    <TransitShuttle>
        <TransitShuttleID>LVC_BB03_WK01_IN</TransitShuttleID>
        <VenueServed>8100LVC</VenueServed>
        <CarParkServed>LVC_BB03</CarParkServed>
        <ToVenue>true</ToVenue>
        <ModeOfTransport>walk</ModeOfTransport>
        <TransitJourneyDescription><TransitText>Leave car park to west and follow path to venue spectator gate</TransitText><TransitLanguage>en</TransitLanguage></TransitJourneyDescription>
        <TransitDuration>10</TransitDuration>
        <IsScheduledService>false</IsScheduledService>
        <IsPRMOnly>true</IsPRMOnly>
        <VenueGateToUse>8100LVCg0</VenueGateToUse>
        <!-- In future versions of schema ShuttleFrequency may be omitted for walks. However is compulsory for now so is set to a default of walk every minute! -->
        <ShuttleFrequency>
            <ServiceFrequency>1</ServiceFrequency>
            <FirstOfDay>00:00:00</FirstOfDay>
            <LastOfDay>23:59:00</LastOfDay>
        </ShuttleFrequency>
    </TransitShuttle>
    <TransitShuttle>
        <TransitShuttleID>LVC_BB03_WK01_OUT</TransitShuttleID>
        <VenueServed>8100LVC</VenueServed>
        <CarParkServed>LVC_BB03</CarParkServed>
        <ToVenue>false</ToVenue>
        <ModeOfTransport>walk</ModeOfTransport>
        <TransitJourneyDescription><TransitText>Leave by venue gate and follow footpath to car park</TransitText><TransitLanguage>en</TransitLanguage></TransitJourneyDescription>
        <TransitDuration>10</TransitDuration>
        <IsScheduledService>false</IsScheduledService>
        <IsPRMOnly>true</IsPRMOnly>
        <VenueGateToUse>8100LVCg0</VenueGateToUse>
        <!-- In future versions of schema ShuttleFrequency may be omitted for walks. However is compulsory for now so is set to a default of walk every minute! -->
        <ShuttleFrequency>
            <ServiceFrequency>1</ServiceFrequency>
            <FirstOfDay>00:00:00</FirstOfDay>
            <LastOfDay>23:59:00</LastOfDay>
        </ShuttleFrequency>
    </TransitShuttle>
    
    <!-- HADLEIGH FARM -->
    <OlympicVenue>
        <VenueName>Hadleigh Farm</VenueName>
        <VenueNaPTAN>8100HAD</VenueNaPTAN>
        <OlympicCarPark>
            <CarParkID>HAD_CAR01</CarParkID>
            <CarParkName>Sandon P&amp;R Site</CarParkName>
            <DriveFromCoordinate>
                <Easting>574564</Easting>
                <Northing>205468</Northing>
            </DriveFromCoordinate>
            <DriveToCoordinate>
                <Easting>574564</Easting>
                <Northing>205468</Northing>
            </DriveToCoordinate>
            <MapOfSiteURL></MapOfSiteURL>
            <ParkingInterchangeDuration>15</ParkingInterchangeDuration>     <!-- Approximate: TBC -->
            <ParkingSpaces>
                <CarSpaces>612</CarSpaces>
                <BlueBadgeSpaces>12</BlueBadgeSpaces>
            </ParkingSpaces>
            <AvailabilityConditions>
                <AvailabilityCondition>
                    <AvailabilityID>HAD_CAR01_SAT</AvailabilityID>
                    <FromDate>2012-08-11</FromDate>
                    <ToDate>2012-08-11</ToDate>
                    <DaysOfWeek>Saturday</DaysOfWeek>
                    <DailyOpeningTime>08:30:00</DailyOpeningTime>
                    <DailyClosingTime>18:30:00</DailyClosingTime>
                </AvailabilityCondition>
                <AvailabilityCondition>
                    <AvailabilityID>HAD_CAR01_SUN</AvailabilityID>
                    <FromDate>2012-08-12</FromDate>
                    <ToDate>2012-08-12</ToDate>
                    <DaysOfWeek>Sunday</DaysOfWeek>
                    <DailyOpeningTime>08:30:00</DailyOpeningTime>
                    <DailyClosingTime>18:30:00</DailyClosingTime>
                </AvailabilityCondition>
            </AvailabilityConditions>
        </OlympicCarPark>
        <OlympicCarPark>
            <CarParkID>HAD_CAR02</CarParkID>
            <CarParkName>Hadleigh East (Waterside Farm)</CarParkName>
            <DriveFromCoordinate>
                <Easting>578170</Easting>
                <Northing>184886</Northing>
            </DriveFromCoordinate>
            <DriveToCoordinate>
                <Easting>578170</Easting>
                <Northing>184886</Northing>
            </DriveToCoordinate>
            <MapOfSiteURL></MapOfSiteURL>
            <ParkingInterchangeDuration>10</ParkingInterchangeDuration>     <!-- Approximate: TBC -->
            <ParkingSpaces>
                <CarSpaces>3315</CarSpaces>
                <BlueBadgeSpaces>57</BlueBadgeSpaces>
            </ParkingSpaces>
            <AvailabilityConditions>
                <AvailabilityCondition>
                    <AvailabilityID>HAD_CAR02_SAT</AvailabilityID>
                    <FromDate>2012-08-11</FromDate>
                    <ToDate>2012-08-11</ToDate>
                    <DaysOfWeek>Saturday</DaysOfWeek>
                    <DailyOpeningTime>08:30:00</DailyOpeningTime>
                    <DailyClosingTime>18:15:00</DailyClosingTime>
                </AvailabilityCondition>
                <AvailabilityCondition>
                    <AvailabilityID>HAD_CAR02_SUN</AvailabilityID>
                    <FromDate>2012-08-12</FromDate>
                    <ToDate>2012-08-12</ToDate>
                    <DaysOfWeek>Sunday</DaysOfWeek>
                    <DailyOpeningTime>08:30:00</DailyOpeningTime>
                    <DailyClosingTime>18:15:00</DailyClosingTime>
                </AvailabilityCondition>
            </AvailabilityConditions>
        </OlympicCarPark>
        <OlympicCarPark>
            <CarParkID>HAD_CAR03</CarParkID>
            <CarParkName>Hadleigh West (Barleylands Farm)</CarParkName>
            <DriveFromCoordinate>
                <Easting>569502</Easting>
                <Northing>191825</Northing>
            </DriveFromCoordinate>
            <DriveToCoordinate>
                <Easting>569502</Easting>
                <Northing>191825</Northing>
            </DriveToCoordinate>
            <MapOfSiteURL></MapOfSiteURL>
            <ParkingInterchangeDuration>10</ParkingInterchangeDuration>     <!-- Approximate: TBC -->
            <ParkingSpaces>
                <CarSpaces>2973</CarSpaces>
                <BlueBadgeSpaces>36</BlueBadgeSpaces>
            </ParkingSpaces>
            <AvailabilityConditions>
                <AvailabilityCondition>
                    <AvailabilityID>HAD_CAR03_SAT</AvailabilityID>
                    <FromDate>2012-08-11</FromDate>
                    <ToDate>2012-08-11</ToDate>
                    <DaysOfWeek>Saturday</DaysOfWeek>
                    <DailyOpeningTime>08:30:00</DailyOpeningTime>
                    <DailyClosingTime>18:25:00</DailyClosingTime>
                </AvailabilityCondition>
                <AvailabilityCondition>
                    <AvailabilityID>HAD_CAR03_SUN</AvailabilityID>
                    <FromDate>2012-08-12</FromDate>
                    <ToDate>2012-08-12</ToDate>
                    <DaysOfWeek>Sunday</DaysOfWeek>
                    <DailyOpeningTime>08:30:00</DailyOpeningTime>
                    <DailyClosingTime>18:25:00</DailyClosingTime>
                </AvailabilityCondition>
            </AvailabilityConditions>
        </OlympicCarPark>
        <OlympicCarPark>
            <CarParkID>HAD_CAR04</CarParkID>
            <CarParkName>Case International Tractors</CarParkName>
            <DriveFromCoordinate>
                <Easting>571225</Easting>
                <Northing>190069</Northing>
            </DriveFromCoordinate>
            <DriveToCoordinate>
                <Easting>571225</Easting>
                <Northing>190069</Northing>
            </DriveToCoordinate>
            <MapOfSiteURL></MapOfSiteURL>
            <ParkingInterchangeDuration>10</ParkingInterchangeDuration>     <!-- Approximate: TBC -->
            <ParkingSpaces>
                <CarSpaces>1265</CarSpaces>
                <BlueBadgeSpaces>13</BlueBadgeSpaces>
            </ParkingSpaces>
            <AvailabilityConditions>
                <AvailabilityCondition>
                    <AvailabilityID>HAD_CAR04_SAT</AvailabilityID>
                    <FromDate>2012-08-11</FromDate>
                    <ToDate>2012-08-11</ToDate>
                    <DaysOfWeek>Saturday</DaysOfWeek>
                    <DailyOpeningTime>08:30:00</DailyOpeningTime>
                    <DailyClosingTime>18:30:00</DailyClosingTime>
                </AvailabilityCondition>
                <AvailabilityCondition>
                    <AvailabilityID>HAD_CAR04_SUN</AvailabilityID>
                    <FromDate>2012-08-12</FromDate>
                    <ToDate>2012-08-12</ToDate>
                    <DaysOfWeek>Sunday</DaysOfWeek>
                    <DailyOpeningTime>08:30:00</DailyOpeningTime>
                    <DailyClosingTime>18:30:00</DailyClosingTime>
                </AvailabilityCondition>
            </AvailabilityConditions>
        </OlympicCarPark>
        <OlympicCarPark>
            <CarParkID>HAD_BB05</CarParkID>
            <CarParkName>Hadleigh Farm Blue Badge Car Park (Venue Transport Hub)</CarParkName>
            <DriveFromCoordinate>
                <Easting>580845</Easting>
                <Northing>186425</Northing>
            </DriveFromCoordinate>
            <DriveToCoordinate>
                <Easting>580845</Easting>
                <Northing>186425</Northing>
            </DriveToCoordinate>
            <MapOfSiteURL></MapOfSiteURL>
            <ParkingInterchangeDuration>5</ParkingInterchangeDuration>
            <ParkingSpaces>
                <BlueBadgeSpaces>50</BlueBadgeSpaces>
            </ParkingSpaces>
            <AvailabilityConditions>
                <AvailabilityCondition>
                    <AvailabilityID>HAD_BB05_SAT</AvailabilityID>
                    <FromDate>2012-08-11</FromDate>
                    <ToDate>2012-08-11</ToDate>
                    <DaysOfWeek>Saturday</DaysOfWeek>
                    <DailyOpeningTime>08:30:00</DailyOpeningTime>
                    <DailyClosingTime>18:15:00</DailyClosingTime>
                </AvailabilityCondition>
                <AvailabilityCondition>
                    <AvailabilityID>HAD_BB05_SUN</AvailabilityID>
                    <FromDate>2012-08-12</FromDate>
                    <ToDate>2012-08-12</ToDate>
                    <DaysOfWeek>Sunday</DaysOfWeek>
                    <DailyOpeningTime>08:30:00</DailyOpeningTime>
                    <DailyClosingTime>18:15:00</DailyClosingTime>
                </AvailabilityCondition>
            </AvailabilityConditions>
        </OlympicCarPark>        
    </OlympicVenue>
    <TransitShuttle>
        <TransitShuttleID>HAD_CAR01_SH01_IN</TransitShuttleID>
        <VenueServed>8100HAD</VenueServed>
        <CarParkServed>HAD_CAR01</CarParkServed>
        <ToVenue>true</ToVenue>
        <ModeOfTransport>shuttlebus</ModeOfTransport>
        <TransitDuration>30</TransitDuration>
        <IsScheduledService>false</IsScheduledService>
        <IsPRMOnly>false</IsPRMOnly>
        <VenueGateToUse>8100HADg0</VenueGateToUse>
        <ShuttleFrequency>
            <ServiceFrequency>12</ServiceFrequency>
            <FirstOfDay>08:00:00</FirstOfDay>
            <LastOfDay>16:00:00</LastOfDay>
        </ShuttleFrequency>
    </TransitShuttle>
    <TransitShuttle>
        <TransitShuttleID>HAD_CAR01_SH01_OUT</TransitShuttleID>
        <VenueServed>8100HAD</VenueServed>
        <CarParkServed>HAD_CAR01</CarParkServed>
        <ToVenue>false</ToVenue>
        <ModeOfTransport>shuttlebus</ModeOfTransport>
        <TransitDuration>30</TransitDuration>
        <IsScheduledService>false</IsScheduledService>
        <IsPRMOnly>false</IsPRMOnly>
        <VenueGateToUse>8100HADg0</VenueGateToUse>
        <ShuttleFrequency>
            <ServiceFrequency>12</ServiceFrequency>
            <FirstOfDay>09:00:00</FirstOfDay>
            <LastOfDay>16:00:00</LastOfDay>
        </ShuttleFrequency>
    </TransitShuttle>
    <!-- HAD_GRP_CAR02 has both shuttle bus and cycle options to venue -->
    <TransitShuttle>
        <TransitShuttleID>HAD_CAR02_SH01_IN</TransitShuttleID>
        <VenueServed>8100HAD</VenueServed>
        <CarParkServed>HAD_CAR02</CarParkServed>
        <ToVenue>true</ToVenue>
        <ModeOfTransport>shuttlebus</ModeOfTransport>
        <TransitDuration>15</TransitDuration>
        <IsScheduledService>false</IsScheduledService>
        <IsPRMOnly>false</IsPRMOnly>
        <VenueGateToUse>8100HADg0</VenueGateToUse>
        <ShuttleFrequency>
            <ServiceFrequency>12</ServiceFrequency>
            <FirstOfDay>08:00:00</FirstOfDay>
            <LastOfDay>16:00:00</LastOfDay>
        </ShuttleFrequency>
    </TransitShuttle>
    <TransitShuttle>
        <TransitShuttleID>HAD_CAR02_SH01_OUT</TransitShuttleID>
        <VenueServed>8100HAD</VenueServed>
        <CarParkServed>HAD_CAR02</CarParkServed>
        <ToVenue>false</ToVenue>
        <ModeOfTransport>shuttlebus</ModeOfTransport>
        <TransitDuration>15</TransitDuration>
        <IsScheduledService>false</IsScheduledService>
        <IsPRMOnly>false</IsPRMOnly>
        <VenueGateToUse>8100HADg0</VenueGateToUse>
        <ShuttleFrequency>
            <ServiceFrequency>12</ServiceFrequency>
            <FirstOfDay>09:00:00</FirstOfDay>
            <LastOfDay>16:00:00</LastOfDay>
        </ShuttleFrequency>
    </TransitShuttle>
    <TransitShuttle>
        <TransitShuttleID>HAD_CAR02_CY02_IN</TransitShuttleID>
        <VenueServed>8100HAD</VenueServed>
        <CarParkServed>HAD_CAR02</CarParkServed>
        <ToVenue>true</ToVenue>
        <ModeOfTransport>cycle</ModeOfTransport>
        <TransitJourneyDescription><TransitText>Turn left out of Waterside Farm and travel along Somnes Avenue. At the roundabout, take the third available exit off roundabout on to B1014 (Canvey Road) and cross 
            on to the Cycle Path towards Benfleet which runs down the eastern side of the road. Continue for 0.6 miles, and then turn right taking the underpass under the railway and crossing 
            High Street to Station Road. Continue up Station Road until near the junction with St Marys Road, bearing right at the corner onto Cycle Path / Bridleway to Hadleigh. Follow this Cycle
            Path to the foot of Hadleigh Castle, where the Cycle Parking is located. Park the bike, and then walk up the hill to the venue entrance.</TransitText><TransitLanguage>en</TransitLanguage></TransitJourneyDescription>
        <TransitDuration>30</TransitDuration>   <!-- Estimated. TBC -->
        <IsScheduledService>false</IsScheduledService>
        <IsPRMOnly>false</IsPRMOnly>
        <VenueGateToUse>8100HADg0</VenueGateToUse>
        <!-- In future versions of schema ShuttleFrequency may be omitted for walks. However is compulsory for now so is set to a default of cycle every minute! -->
        <ShuttleFrequency>
            <ServiceFrequency>1</ServiceFrequency>
            <FirstOfDay>00:00:00</FirstOfDay>
            <LastOfDay>23:59:00</LastOfDay>
        </ShuttleFrequency>
    </TransitShuttle>
    <TransitShuttle>
        <TransitShuttleID>HAD_CAR02_CY02_OUT</TransitShuttleID>
        <VenueServed>8100HAD</VenueServed>
        <CarParkServed>HAD_CAR02</CarParkServed>
        <ToVenue>false</ToVenue>
        <ModeOfTransport>cycle</ModeOfTransport>
        <TransitJourneyDescription><TransitText>Leave the venue and descend the hill past Hadleigh Castle to the Cycle Parking. Collect bicycle, and head west towards Benfleet on the Cycle Path / Bridleway.
        At the end of the Cycle Path, turn left onto Station Road and then, at the end of Station Road, pass over High Street and under the railway line via the underpass onto the B1014 (Canvey Road).
        Use the cycle path on the eastern side of the road and continue for 0.6 miles. At the roundabout, take the first exit onto Somnes Avenue, and then turn right into Waterside Farm.</TransitText><TransitLanguage>en</TransitLanguage></TransitJourneyDescription>
        <TransitDuration>30</TransitDuration>   <!-- Estimated. TBC -->
        <IsScheduledService>false</IsScheduledService>
        <IsPRMOnly>false</IsPRMOnly>
        <VenueGateToUse>8100HADg0</VenueGateToUse>
        <!-- In future versions of schema ShuttleFrequency may be omitted for walks. However is compulsory for now so is set to a default of cycle every minute! -->
        <ShuttleFrequency>
            <ServiceFrequency>1</ServiceFrequency>
            <FirstOfDay>00:00:00</FirstOfDay>
            <LastOfDay>23:59:00</LastOfDay>
        </ShuttleFrequency>
    </TransitShuttle>
    <TransitShuttle>
        <TransitShuttleID>HAD_CAR03_SH01_IN</TransitShuttleID>
        <VenueServed>8100HAD</VenueServed>
        <CarParkServed>HAD_CAR03</CarParkServed>
        <ToVenue>true</ToVenue>
        <ModeOfTransport>shuttlebus</ModeOfTransport>
        <TransitDuration>25</TransitDuration>
        <IsScheduledService>false</IsScheduledService>
        <IsPRMOnly>false</IsPRMOnly>
        <VenueGateToUse>8100HADg0</VenueGateToUse>
        <ShuttleFrequency>
            <ServiceFrequency>12</ServiceFrequency>
            <FirstOfDay>09:00:00</FirstOfDay>
            <LastOfDay>16:00:00</LastOfDay>
        </ShuttleFrequency>
    </TransitShuttle>
    <TransitShuttle>
        <TransitShuttleID>HAD_CAR03_SH01_OUT</TransitShuttleID>
        <VenueServed>8100HAD</VenueServed>
        <CarParkServed>HAD_CAR03</CarParkServed>
        <ToVenue>false</ToVenue>
        <ModeOfTransport>shuttlebus</ModeOfTransport>
        <TransitDuration>25</TransitDuration>
        <IsScheduledService>false</IsScheduledService>
        <IsPRMOnly>false</IsPRMOnly>
        <VenueGateToUse>8100HADg0</VenueGateToUse>
        <ShuttleFrequency>
            <ServiceFrequency>12</ServiceFrequency>
            <FirstOfDay>09:00:00</FirstOfDay>
            <LastOfDay>16:00:00</LastOfDay>
        </ShuttleFrequency>
    </TransitShuttle>
    <TransitShuttle>
        <TransitShuttleID>HAD_CAR04_SH01_IN</TransitShuttleID>
        <VenueServed>8100HAD</VenueServed>
        <CarParkServed>HAD_CAR04</CarParkServed>
        <ToVenue>true</ToVenue>
        <ModeOfTransport>shuttlebus</ModeOfTransport>
        <TransitDuration>30</TransitDuration>
        <IsScheduledService>false</IsScheduledService>
        <IsPRMOnly>false</IsPRMOnly>
        <VenueGateToUse>8100HADg0</VenueGateToUse>
        <ShuttleFrequency>
            <ServiceFrequency>12</ServiceFrequency>
            <FirstOfDay>08:00:00</FirstOfDay>
            <LastOfDay>16:00:00</LastOfDay>
        </ShuttleFrequency>
    </TransitShuttle>
    <TransitShuttle>
        <TransitShuttleID>HAD_CAR04_SH01_OUT</TransitShuttleID>
        <VenueServed>8100HAD</VenueServed>
        <CarParkServed>HAD_CAR04</CarParkServed>
        <ToVenue>false</ToVenue>
        <ModeOfTransport>shuttlebus</ModeOfTransport>
        <TransitDuration>30</TransitDuration>
        <IsScheduledService>false</IsScheduledService>
        <IsPRMOnly>false</IsPRMOnly>
        <VenueGateToUse>8100HADg0</VenueGateToUse>
        <ShuttleFrequency>
            <ServiceFrequency>12</ServiceFrequency>
            <FirstOfDay>09:00:00</FirstOfDay>
            <LastOfDay>16:00:00</LastOfDay>
        </ShuttleFrequency>
    </TransitShuttle>
    <TransitShuttle>
        <TransitShuttleID>HAD_BB05_WK01_IN</TransitShuttleID>
        <VenueServed>8100HAD</VenueServed>
        <CarParkServed>HAD_BB05</CarParkServed>
        <ToVenue>true</ToVenue>
        <ModeOfTransport>walk</ModeOfTransport>
        <TransitJourneyDescription><TransitText>Leave car park to west and follow path to venue spectator gate</TransitText><TransitLanguage>en</TransitLanguage></TransitJourneyDescription>
        <TransitDuration>5</TransitDuration>
        <IsScheduledService>false</IsScheduledService>
        <IsPRMOnly>true</IsPRMOnly>
        <VenueGateToUse>8100HADg0</VenueGateToUse>
        <!-- In future versions of schema ShuttleFrequency may be omitted for walks. However is compulsory for now so is set to a default of walk every minute! -->
        <ShuttleFrequency>
            <ServiceFrequency>1</ServiceFrequency>
            <FirstOfDay>00:00:00</FirstOfDay>
            <LastOfDay>23:59:00</LastOfDay>
        </ShuttleFrequency>
    </TransitShuttle>
    <TransitShuttle>
        <TransitShuttleID>HAD_BB05_WK01_OUT</TransitShuttleID>
        <VenueServed>8100HAD</VenueServed>
        <CarParkServed>HAD_BB05</CarParkServed>
        <ToVenue>false</ToVenue>
        <ModeOfTransport>walk</ModeOfTransport>
        <TransitJourneyDescription><TransitText>Leave by venue gate and follow footpath to car park</TransitText><TransitLanguage>en</TransitLanguage></TransitJourneyDescription>
        <TransitDuration>5</TransitDuration>
        <IsScheduledService>false</IsScheduledService>
        <IsPRMOnly>true</IsPRMOnly>
        <VenueGateToUse>8100HADg0</VenueGateToUse>
        <!-- In future versions of schema ShuttleFrequency may be omitted for walks. However is compulsory for now so is set to a default of walk every minute! -->
        <ShuttleFrequency>
            <ServiceFrequency>1</ServiceFrequency>
            <FirstOfDay>00:00:00</FirstOfDay>
            <LastOfDay>23:59:00</LastOfDay>
        </ShuttleFrequency>
    </TransitShuttle>
    
    <!-- ETON DORNEY -->
    <OlympicVenue>
        <VenueName>Eton Dorney</VenueName>
        <VenueNaPTAN>8100ETD</VenueNaPTAN>
        <OlympicCarPark>
            <CarParkID>ETD_CAR01</CarParkID>
            <CarParkName>Etond Dorney West (Upton Court Park)</CarParkName>
            <DriveFromCoordinate>
                <Easting>498394</Easting>
                <Northing>179003</Northing>
            </DriveFromCoordinate>
            <DriveToCoordinate>
                <Easting>498394</Easting>
                <Northing>179003</Northing>
            </DriveToCoordinate>
            <MapOfSiteURL></MapOfSiteURL>
            <ParkingInterchangeDuration>5</ParkingInterchangeDuration>
            <ParkingSpaces>
                <CarSpaces>2855</CarSpaces>
                <BlueBadgeSpaces>29</BlueBadgeSpaces>
            </ParkingSpaces>
            <AvailabilityConditions>
                <AvailabilityCondition>
                    <!-- Closing time varies. As more information is released, may need multiple availability conditions -->
                    <AvailabilityID>ETD_CAR01_AV01</AvailabilityID>
                    <FromDate>2012-07-28</FromDate>
                    <ToDate>2012-08-11</ToDate>
                    <DaysOfWeek>Everyday</DaysOfWeek>
                    <DailyOpeningTime>06:00:00</DailyOpeningTime>
                    <DailyClosingTime>17:55:00</DailyClosingTime>
                </AvailabilityCondition>
            </AvailabilityConditions>
        </OlympicCarPark>
        <OlympicCarPark>
            <CarParkID>ETD_CAR02</CarParkID>
            <CarParkName>Stafferton Way</CarParkName>
            <DriveFromCoordinate>
                <!-- Location of car park to be confirmed - could be retail centre or derelict ground to south. This coordinate is a road junction -->
                <Easting>489074</Easting>
                <Northing>180639</Northing>
            </DriveFromCoordinate>
            <DriveToCoordinate>
                <!-- Location of car park to be confirmed - could be retail centre or derelict ground to south. This coordinate is a road junction -->
                <Easting>489074</Easting>
                <Northing>180639</Northing>
            </DriveToCoordinate>
            <MapOfSiteURL></MapOfSiteURL>
            <ParkingInterchangeDuration>5</ParkingInterchangeDuration>
            <ParkingSpaces>
                <CarSpaces>601</CarSpaces>
                <BlueBadgeSpaces>14</BlueBadgeSpaces>
            </ParkingSpaces>
            <AvailabilityConditions>
                <AvailabilityCondition>
                    <!-- Closing time varies. As more information is released, may need multiple availability conditions -->
                    <AvailabilityID>ETD_CAR02_AV01</AvailabilityID>
                    <FromDate>2012-07-28</FromDate>
                    <ToDate>2012-08-11</ToDate>
                    <DaysOfWeek>Everyday</DaysOfWeek>
                    <DailyOpeningTime>06:00:00</DailyOpeningTime>
                    <DailyClosingTime>18:00:00</DailyClosingTime>
                </AvailabilityCondition>
            </AvailabilityConditions>
        </OlympicCarPark>
        <OlympicCarPark>
            <CarParkID>ETD_CAR03</CarParkID>
            <CarParkName>Etond Dorney East (Braywick Park)</CarParkName>
            <DriveFromCoordinate>
                <Easting>489142</Easting>
                <Northing>179895</Northing>
            </DriveFromCoordinate>
            <DriveToCoordinate>
                <Easting>489142</Easting>
                <Northing>179895</Northing>
            </DriveToCoordinate>
            <MapOfSiteURL></MapOfSiteURL>
            <ParkingInterchangeDuration>10</ParkingInterchangeDuration>
            <ParkingSpaces>
                <CarSpaces>782</CarSpaces>
                <BlueBadgeSpaces>10</BlueBadgeSpaces>
            </ParkingSpaces>
            <AvailabilityConditions>
                <AvailabilityCondition>
                    <!-- Closing time varies. As more information is released, may need multiple availability conditions -->
                    <AvailabilityID>ETD_CAR03_AV01</AvailabilityID>
                    <FromDate>2012-07-28</FromDate>
                    <ToDate>2012-08-11</ToDate>
                    <DaysOfWeek>Everyday</DaysOfWeek>
                    <DailyOpeningTime>06:00:00</DailyOpeningTime>
                    <DailyClosingTime>17:50:00</DailyClosingTime>
                </AvailabilityCondition>
            </AvailabilityConditions>
        </OlympicCarPark>
    </OlympicVenue>
    <TransitShuttle>
        <TransitShuttleID>ETD_CAR01_SH01_IN</TransitShuttleID>
        <VenueServed>8100ETD</VenueServed>
        <CarParkServed>ETD_CAR01</CarParkServed>
        <ToVenue>true</ToVenue>
        <ModeOfTransport>shuttlebus</ModeOfTransport>
        <TransitDuration>15</TransitDuration>
        <IsScheduledService>false</IsScheduledService>
        <IsPRMOnly>false</IsPRMOnly>
        <VenueGateToUse>8100ETDgTHub</VenueGateToUse>
        <ShuttleFrequency>
            <ServiceFrequency>12</ServiceFrequency>
            <FirstOfDay>07:00:00</FirstOfDay>
            <LastOfDay>15:00:00</LastOfDay>
        </ShuttleFrequency>
    </TransitShuttle>
    <TransitShuttle>
        <TransitShuttleID>ETD_CAR01_SH01_OUT</TransitShuttleID>
        <VenueServed>8100ETD</VenueServed>
        <CarParkServed>ETD_CAR01</CarParkServed>
        <ToVenue>false</ToVenue>
        <ModeOfTransport>shuttlebus</ModeOfTransport>
        <TransitDuration>15</TransitDuration>
        <IsScheduledService>false</IsScheduledService>
        <IsPRMOnly>false</IsPRMOnly>
        <VenueGateToUse>8100ETDgTHub</VenueGateToUse>
        <ShuttleFrequency>
            <ServiceFrequency>12</ServiceFrequency>
            <FirstOfDay>08:00:00</FirstOfDay>
            <LastOfDay>15:00:00</LastOfDay>
        </ShuttleFrequency>
    </TransitShuttle>
    <TransitShuttle>
        <TransitShuttleID>ETD_CAR02_SH01_IN</TransitShuttleID>
        <VenueServed>8100ETD</VenueServed>
        <CarParkServed>ETD_CAR02</CarParkServed>
        <ToVenue>true</ToVenue>
        <ModeOfTransport>shuttlebus</ModeOfTransport>
        <TransitDuration>20</TransitDuration>
        <IsScheduledService>false</IsScheduledService>
        <IsPRMOnly>false</IsPRMOnly>
        <VenueGateToUse>8100ETDgTHub</VenueGateToUse>
        <ShuttleFrequency>
            <ServiceFrequency>12</ServiceFrequency>
            <FirstOfDay>07:00:00</FirstOfDay>
            <LastOfDay>15:00:00</LastOfDay>
        </ShuttleFrequency>
    </TransitShuttle>
    <TransitShuttle>
        <TransitShuttleID>ETD_CAR02_SH01_OUT</TransitShuttleID>
        <VenueServed>8100ETD</VenueServed>
        <CarParkServed>ETD_CAR02</CarParkServed>
        <ToVenue>false</ToVenue>
        <ModeOfTransport>shuttlebus</ModeOfTransport>
        <TransitDuration>20</TransitDuration>
        <IsScheduledService>false</IsScheduledService>
        <IsPRMOnly>false</IsPRMOnly>
        <VenueGateToUse>8100ETDgTHub</VenueGateToUse>
        <ShuttleFrequency>
            <ServiceFrequency>12</ServiceFrequency>
            <FirstOfDay>08:00:00</FirstOfDay>
            <LastOfDay>15:00:00</LastOfDay>
        </ShuttleFrequency>
    </TransitShuttle>
    <TransitShuttle>
        <TransitShuttleID>ETD_CAR03_SH01_IN</TransitShuttleID>
        <VenueServed>8100ETD</VenueServed>
        <CarParkServed>ETD_CAR03</CarParkServed>
        <ToVenue>true</ToVenue>
        <ModeOfTransport>shuttlebus</ModeOfTransport>
        <TransitDuration>10</TransitDuration>
        <IsScheduledService>false</IsScheduledService>
        <IsPRMOnly>false</IsPRMOnly>
        <VenueGateToUse>8100ETDgTHub</VenueGateToUse>
        <ShuttleFrequency>
            <ServiceFrequency>12</ServiceFrequency>
            <FirstOfDay>07:00:00</FirstOfDay>
            <LastOfDay>15:00:00</LastOfDay>
        </ShuttleFrequency>
    </TransitShuttle>
    <TransitShuttle>
        <TransitShuttleID>ETD_CAR03_SH01_OUT</TransitShuttleID>
        <VenueServed>8100ETD</VenueServed>
        <CarParkServed>ETD_CAR03</CarParkServed>
        <ToVenue>false</ToVenue>
        <ModeOfTransport>shuttlebus</ModeOfTransport>
        <TransitDuration>10</TransitDuration>
        <IsScheduledService>false</IsScheduledService>
        <IsPRMOnly>false</IsPRMOnly>
        <VenueGateToUse>8100ETDgTHub</VenueGateToUse>
        <ShuttleFrequency>
            <ServiceFrequency>12</ServiceFrequency>
            <FirstOfDay>08:00:00</FirstOfDay>
            <LastOfDay>15:00:00</LastOfDay>
        </ShuttleFrequency>
    </TransitShuttle>
    <TransitShuttle>
        <TransitShuttleID>ETD_CAR04_SH01_IN</TransitShuttleID>
        <VenueServed>8100ETD</VenueServed>
        <CarParkServed>ETD_CAR04</CarParkServed>
        <ToVenue>true</ToVenue>
        <ModeOfTransport>shuttlebus</ModeOfTransport>
        <TransitDuration>15</TransitDuration>
        <IsScheduledService>false</IsScheduledService>
        <IsPRMOnly>false</IsPRMOnly>
        <VenueGateToUse>8100ETDgTHub</VenueGateToUse>
        <ShuttleFrequency>
            <ServiceFrequency>12</ServiceFrequency>
            <FirstOfDay>07:00:00</FirstOfDay>
            <LastOfDay>15:00:00</LastOfDay>
        </ShuttleFrequency>
    </TransitShuttle>
    <TransitShuttle>
        <TransitShuttleID>ETD_CAR04_SH01_OUT</TransitShuttleID>
        <VenueServed>8100ETD</VenueServed>
        <CarParkServed>ETD_CAR04</CarParkServed>
        <ToVenue>false</ToVenue>
        <ModeOfTransport>shuttlebus</ModeOfTransport>
        <TransitDuration>15</TransitDuration>
        <IsScheduledService>false</IsScheduledService>
        <IsPRMOnly>false</IsPRMOnly>
        <VenueGateToUse>8100ETDgTHub</VenueGateToUse>
        <ShuttleFrequency>
            <ServiceFrequency>12</ServiceFrequency>
            <FirstOfDay>08:00:00</FirstOfDay>
            <LastOfDay>15:00:00</LastOfDay>
        </ShuttleFrequency>
    </TransitShuttle>
    
    <!-- WEYMOUTH AND PORTLAND -->
    <OlympicVenue>
        <VenueName>Weymouth and Portland</VenueName>
        <VenueNaPTAN>8100WAP</VenueNaPTAN>
    </OlympicVenue>
    
    <!-- FOOTBALL VENUES -->
    <!-- WEMBLEY STADIUM -->
    <OlympicVenue>
        <VenueName>Wembley Stadium</VenueName>
        <VenueNaPTAN>8100WEM</VenueNaPTAN>
    </OlympicVenue>
    
    <!-- MILLENNIUM STADIUM -->
    <OlympicVenue>
        <VenueName>Millennium Stadium</VenueName>
        <VenueNaPTAN>8100MIL</VenueNaPTAN>
    </OlympicVenue>
    
    <!-- HAMPDEN PARK -->
    <OlympicVenue>
        <VenueName>Hampden Park</VenueName>
        <VenueNaPTAN>8100HAM</VenueNaPTAN>
    </OlympicVenue>
    
    <!-- OLD TRAFFORD -->
    <OlympicVenue>
        <VenueName>Old Trafford</VenueName>
        <VenueNaPTAN>8100OLD</VenueNaPTAN>
    </OlympicVenue>
    
    <!-- CITY OF COVENTRY STADIUM -->
    <OlympicVenue>
        <VenueName>City of Coventry Stadium</VenueName>
        <VenueNaPTAN>8100COV</VenueNaPTAN>
    </OlympicVenue>
    
    <!-- ST JAMES PARK (NEWCASTLE) -->
    <OlympicVenue>
        <VenueName>St James Park (Newcastle)</VenueName>
        <VenueNaPTAN>8100SJP</VenueNaPTAN>
    </OlympicVenue>
    
</SJPParkAndRideLocations>
