<?xml version="1.0" encoding="utf-8" ?> 
<DataFeedInfo xmlns:xsi="http://www.w3.org/2001/XMLSchema-instance"
        xsi:schemaLocation="http://www.transportdirect.info/datafeedinfo http://localhost/datafeedinfo.xsd"
        xmlns="http://www.transportdirect.info/datafeedinfo"
        version="1.0">
	<SupplierID>098</SupplierID>
	<InterfaceNumber version="03">IF139</InterfaceNumber>
	<TimePrepared>2012-07-06T12:00:00</TimePrepared>
	<DataFeed isPresent="Y">
		<Filename>AdditionalVenueData v1.15.xml</Filename>
	</DataFeed>	
</DataFeedInfo>


