StopType,StopNaPTAN,AliasName
A,9200LHR1,Heathrow Airport Terminal 1
A,9200LHR2,Heathrow Airport Terminal 2
A,9200LHR3,Heathrow Airport Terminal 3
A,9200LHR4,Heathrow Airport Terminal 4
A,9200LHR5,Heathrow Airport Terminal 5
A,9200LPL1,John Lennon Airport
A,9200KOI1,Kirkwall Airport
A,9200LEQ1,Lands End St Just Airport
A,9200LTN1,Luton Airport
A,9200LYX1,Lydd Airport
A,9200OXF1,Oxford Airport
A,9200PIK1,Prestwick International Airport
A,9200SEN1,Southend Airport
A,9200STN1,Stansted Airport
C,900042356,Bucks Cross (Devon): Holiday Centre Coach Stop
C,NX002125,Trumpington Park & Ride Coach Stop
C,900037084,Kings Lynn: Vancouver Bus Station
C,NX000902,Marble Arch Coach Stop
C,900098283,St Andrews (Fife): Bus Station
C,900043010,St Ives (Cornwall): Bus Station
C,900090356,St Ninians (Stirling): Glasgow Rd Coach Stop
C,900057366,Victoria Coach Station
F,9300JOG,John o Groats Ferry Landing
F,9300KGL,Kings Lynn Ferry Landing
F,9300RSH,Richmond St Helena Pier
F,9300STJ,St Justinian Ferry Landing
F,9300STC,St Katherines Pier
R,9100ABDARE,Aberdar Rail Station
R,9100MLFDHVN,Aberdaugleddau Rail Station
R,9100ABDVY,Aberdyfi Rail Station
R,9100FGDHGWK,Abergwaun ac Wdig Rail Station
R,9100FGDHBR,Abergwaun Rail Station
R,9100BRMOUTH,Abermaw Rail Station
R,9100MASH,Aberpennar Rail Station
R,9100SWANSEA,Abertawe Rail Station
R,9100SABR,Agbrigg Rail Station
R,9100NRBERTH,Arberth Rail Station
R,9100ARGYLST,Argyll Street (Argyle Street Rail Station)
R,9100NAILSEA,Backwell Rail Station
R,9100CARDFBR,Bae Caerdydd Rail Station
R,9100CBAY,Bae Colwyn Rail Station
R,9100EUXT,Balshaw Lane Rail Station
R,9100CLDNNRB,Barnsbury Rail Station
R,9100HAMTSQ,Birkenhead Hamilton Square Rail Station
R,9100DUNKELD,Birnam Rail Station
R,9100BLFR,Blackfriars Rail Station
R,9100ELTR,Borehamwood Rail Station
R,9100BRGHLRD,Brighton London Road Rail Station
R,9100HGHBRDG,Burnham-on-Sea Rail Station
R,9100PMBRYBP,Burry Port Rail Station
R,9100CRDFCEN,Caerdydd Canolog Rail Station
R,9100CRPHLY,Caerffili Rail Station
R,9100CMTHN,Caerfyrddin Rail Station
R,9100HLYH,Caergybi Rail Station
R,9100CANONST,Cannon Street Rail Station
R,9100CHEPSTW,Cas-gwent Rail Station
R,9100NWPTRTG,Casnewydd Rail Station
R,9100NEATH,Castell-nedd Rail Station
R,9100CHRNGXG,Charing Cross (Glasgow) Rail Station
R,9100CHRX,Charing Cross (London) Rail Station
R,9100KILGETY,Cilgeti Rail Station
R,9100KNUCKLS,Cnwclas Rail Station
R,9100BLNDLAC,Crosby Rail Station
R,9100KIDWELY,Cydweli Rail Station
R,9100LANDUDJ,Cyffordd Llandudno Rail Station
R,9100SEVTNLJ,Cyffordd Twnel Hafren Rail Station
R,9100WREXHMG,Cyffredinol Wrecsam Rail Station
R,9100PHLD,Darnley Rail Station
R,9100DEPDENE,Deepdene Rail Station
R,9100TENBY,Dinbych-y-pysgod Rail Station
R,9100PEMBRKD,Doc Penfro Rail Station
R,9100SNDWDUD,Dudley Rail Station
R,9100MOTFONT,Dunbridge Rail Station
R,9100DURSLEY,Dursley Rail Station
R,9100ESTFLDS,Eastfields (Mitcham) Rail Station
R,9100INEL,Elton (Cheshire) Rail Station
R,9100RGLS,Eskdale Rail Station
R,9100EUSTON,Euston Rail Station
R,9100ANSDELL,Fairhaven Rail Station
R,9100FAMBDGE,Fambridge Rail Station
R,9100FENCHRS,Fenchurch Street Rail Station
R,9100BLAENAU,Ffestiniog Rail Station
R,9100TAFFSWL,Ffynnon Taf Rail Station
R,9100FNCHLYR,Frognal Rail Station
R,9100GALTILL,Galton Bridge (Smethwick) Rail Station
R,9100GTSHDMC,Gateshead Metrocentre Rail Station
R,9100GYPSYLA,Gipsy Lane (Gypsy Lane Rail Station)
R,9100FYSD,Glanyfferi Rail Station
R,9100GLGHST,Glasgow High Street Rail Station
R,9100NLANRST,Gogledd Llanrwst Rail Station
R,9100LRDGFD,Guildford London Road Rail Station
R,9100GIPSYH,Gypsy Hill (Gipsy Hill Rail Station)
R,9100HAYESAH,Harlington (Greater London) Rail Station
R,9100SDBRYHR,Harrow Road (Sudbury) Rail Station
R,9100TUTBURY,Hatton (Derbyshire) Rail Station
R,9100HNDSHWT,Hawthorns Rail Station
R,9100WHLAND,Hendy-gwyn ar Daf Rail Station
R,9100LLBSTRD,Heol Llanbister Rail Station
R,9100CARDFQS,Heol y Frenhines Caerdydd Rail Station
R,9100HAVRFDW,Hwlffordd Rail Station
R,9100HGHI,Islington Rail Station
R,9100JAMESST,James Street (Liverpool) Rail Station
R,9100CBGH,Jarvis Brook Rail Station
R,9100KNGX,Kings Cross Rail Station
R,9100KNGX,King's Cross Rail Station
R,9100KLYNN,King's Lynn Rail Station
R,9100LAZKRKO,Kirkoswald Rail Station
R,9100CHLFNAL,Latimer Rail Station
R,9100HEATHLL,Lefel Isel y Mynydd Bychan Rail Station
R,9100HEATHHL,Lefel Uchel y Mynydd Bychan Rail Station
R,9100LVRPLSH,Lime Street (Liverpool) Rail Station
R,9100SFRTHAL,Litherland Rail Station
R,9100MORFNL,Liverpool Moorfields Rail Station
R,9100LIVST,Liverpool Street (London) Rail Station 
R,9100LAMPHEY,Llandyfail Rail Station
R,9100LFPW,Llanfair PG Rail Station
R,9100LLNWTMR,Llanilltud Fawr Rail Station
R,9100BRITFRY,Llansawel Rail Station
R,9100LLDVERY,Llanymddyfri Rail Station
R,9100LTHH,Llysfaen a Draenen Penygraig Rail Station
R,9100MNORBER,Maenorbyr Rail Station
R,9100GTMLVRN,Malvern Rail Station
R,9100MARYLBN,Marylebone Rail Station
R,9100MERTHYR,Merthyr Tudful Rail Station
R,9100BHAMMRS,Moor Street (Birmingham) Rail Station
R,9100ASHWELC,Morden (Cambridgeshire) Rail Station
R,9100QUAKRSY,Mynwent y Crynwyr Rail Station
R,9100BYFLANH,New Haw Rail Station
R,9100PONTYPL,New Inn Rail Station
R,9100BHAMNWS,New Street (Birmingham) Rail Station
R,9100KENOLYM,Olympia Rail Station
R,9100ELTON,Orston Rail Station
R,9100CHOS,Oswaldtwistle Rail Station
R,9100BUSHEY,Oxhey Rail Station
R,9100PADTON,Paddington Rail Station
R,9100HULL,Paragon (Hull) Rail Station
R,9100NINIANP,Parc Ninian Rail Station
R,9100EBWVPWY,Parcfford Glyn Ebwy Rail Station
R,9100POSILPK,Parkhouse Rail Station
R,9100PNALLY,Penalun Rail Station
R,9100HAWARDN,Penarlag Rail Station
R,9100PMBRYBP,Penbre a Porth Tywyn Rail Station
R,9100PEMBROK,Penfro Rail Station
R,9100SANKEY,Penketh Rail Station
R,9100ABGLELE,Pensarn (Conwy) Rail Station
R,9100BRGEND,Pen-y-bont ar Ogwr Rail Station
R,9100MNCRPIC,Piccadilly (Manchester) Rail Station
R,9100HAWDNBG,Pont Penarlag Rail Station
R,9100ROMANBG,Pont Rufeinig Rail Station
R,9100PNTLTYN,Pontlotyn Rail Station
R,9100RISCA,Pontymister Rail Station
R,9100PONTYPL,Pontypwl Rail Station
R,9100FGDHBR,Porthladd Abergwaun Rail Station
R,9100CARDFQS,Queen Street (Cardiff) Rail Station
R,9100GLGQHL,Queen Street (Glasgow) Rail Station
R,9100RADYR,Radur Rail Station
R,9100RISCA,Rhisga a Pontymister Rail Station
R,9100RUABON,Rhiwabon Rail Station
R,9100RHIWBNA,Rhiwbeina Rail Station
R,9100AMMANFD,Rhydaman Rail Station
R,9100RHYMNEY,Rhymni Rail Station
R,9100SKEWEN,Sgiwen Rail Station
R,9100STEETON,Silsden Rail Station
R,9100COLSTWN,Smitham Rail Station
R,9100BHAMSNH,Snow Hill (Birmingham) Rail Station
R,9100PSEA,Southsea Rail Station
R,9100DIGBY,Sowton Rail Station
R,9100CLCHRTN,St Botolphs Rail Station
R,9100EXETRSD,St Davids (Exeter) Rail Station
R,9100STPX,St Pancras Rail Station
R,9100HTFLASF,Stainforth Rail Station
R,9100CBHMSDA,Stoke d'Abernon Rail Station
R,9100CRAVENA,Stokesay Rail Station
R,9100GORASTR,Streatley Rail Station
R,9100CHSW,Swalecliffe Rail Station
R,9100ARCHRAT,Tarbet (Argyll & Bute) Rail Station
R,9100BRSTLTM,Temple Meads (Bristol) Rail Station
R,9100HADMATP,Thame Rail Station
R,9100LTHH,Thornhill (Glamorgan) Rail Station
R,9100STNLWAT,Thornton (Cheshire) Rail Station
R,9100NBRWGE,Trecelyn Rail Station
R,9100KNIGHTN,Trefyclo Rail Station
R,9100GOWERTN,Tre-gwyr Rail Station
R,9100FRWATER,Tyllgoed Rail Station
R,9100VICTRIC,Victoria (London) Rail Station
R,9100CHPWKSC,Wakes Colne Rail Station
R,9100WLOE,Waterloo East Rail Station
R,9100WATRLMN,Waterloo Rail Station
R,9100EDINBUR,Waverley (Edinburgh) Rail Station
R,9100FGDHGWK,Wdig Rail Station
R,9100HROW,Wealdstone Rail Station
R,9100KIRKHAM,Wesham Rail Station
R,9100PVNSYAW,Westham Rail Station
R,9100BOXHAWH,Westhumble Rail Station
R,9100LGWITH,Whaley Thorns Rail Station
R,9100RMSWILP,Wilpshire Rail Station
R,9100WDHAMFR,Woodham Ferrers Rail Station
R,9100WREXHMC,Wrecsam Canolog Rail Station
R,9100BORWGAW,Wrotham Rail Station
R,9100WROXHAM,Wroxham Rail Station
R,9100BARRY,Y Barri Rail Station
R,9100NWTP,Y Drenewydd Rail Station
R,9100VALLEY,Y Fali Rail Station
R,9100ABRGVNY,Y Fenni Rail Station
R,9100FRBN,Y Friog Rail Station
R,9100PYLE,Y Pil Rail Station
R,9100PORH,Y Porth Rail Station
R,9100RHOOSE,Y Rhws Maes Awyr Caerdydd Rail Station
R,9100WELSHPL,Y Trallwng Rail Station
R,9100ROGRSTN,Y Ty Du Rail Station
R,9100CHIRK,Y Waun Rail Station
R,9100YARMTH,Yarmouth (Norfolk) Rail Station
R,9100BARRYIS,Ynys y Barri Rail Station
R,9100MERTHRV,Ynysowen Rail Station
R,9100HOPC,Yr Hob Rail Station
R,9100TRFRSTE,Ystad Trefforest Rail Station
T,9400ZZBPMNH,Admirals Point (Blackpool Tramway)
T,9400ZZNOBTH,Butlers Hill Tram Stop
T,9400ZZLUECT,Earls Court Underground Station
T,9400ZZBPFMW,Fishermans Walk (Blackpool Tramway)
T,9400ZZLUKSX,Kings Cross St Pancras Underground Station
T,9400ZZLUQPS,Queens Park Underground Station
T,9400ZZLURGP,Regents Park Underground Station
T,9400ZZLUSBC,Shepherds Bush (Central) Underground Station
T,9400ZZLUSBM,Shepherds Bush Market Underground Station
T,9400ZZBPSTC,St Chads Road (Blackpool Tramway)
T,9400ZZLUSJP,St James's Park Underground Station
T,9400ZZLUSJW,St Johns Wood Underground Station
T,9400ZZLUKSX,St Pancras Underground Station
T,9400ZZLUSPU,St Pauls Underground Station
T,9400ZZTWSTP,St Peters (Tyne & Wear Metro Station)
T,9400ZZBPSTS,St Stephens Avenue (Blackpool Tramway)
T,9400ZZLUKSX,St. Pancras Underground Station
L,E0057520,Preston (Lancashire)
