<?xml version="1.0" encoding="utf-8"?>
<DataFeedInfo xmlns:xsi="http://www.w3.org/2001/XMLSchema-instance" xsi:schemaLocation="http://www.transportdirect.info/datafeedinfo http://localhost/datafeedinfo.xsd" xmlns="http://www.transportdirect.info/datafeedinfo" version="1.0">
	<SupplierID>098</SupplierID>
	<InterfaceNumber version="01">IF142</InterfaceNumber>
	<TimePrepared>2012-03-28T15:00:00</TimePrepared>
	<DataFeed isPresent="Y">
		<Filename>ParkAndRideToidList v0.9.csv</Filename>
	</DataFeed>
</DataFeedInfo>
