<?xml version="1.0" encoding="UTF-8"?>
<SJPParkAndRideLocations xmlns="http://www.transportdirect.info/SJPParkAndRideLocations"
    xmlns:xsi="http://www.w3.org/2001/XMLSchema-instance"
    xsi:schemaLocation="http://www.transportdirect.info/SJPParkAndRideLocations SJPParkAndRideLocations_v3.xsd">
    
    <!-- VERSION HISTORY
        
        CHANGES IN V0.2
            - Referencing v2 of Park and Ride schema
            
        CHANGES IN V0.3 (DRAFT)
            - Added blue badge parking at Olympic Park, ExCeL, Greenwich Park, Weymouth and Portland
              Eton Dorney, Hadleigh Farm and Lee Valley   
              Earls Court
			  
		CHANGES IN V0.4 (DRAFT)
            - Updated to support v3 of the scheme (language for TransitJourneyDescription)
			- Corrections to Earls court CarParkID/CarParkServed values
			- Updates for Hadleigh Farm availability dates to be 2012 instead of 2011 (actual dates may now not be correct - to be checked)
    -->
    
    <!-- OLYMPIC PARK -->   
    <OlympicVenue>
        <VenueName>Olympic Park</VenueName>
        <VenueNaPTAN>8100OPK</VenueNaPTAN>
        <OlympicCarPark>
            <CarParkID>OPK_CAR01</CarParkID>
            <CarParkName>Lakeside</CarParkName>
            <DriveFromCoordinate>
                <Easting>558753</Easting>
                <Northing>179234</Northing>
            </DriveFromCoordinate>
            <DriveToCoordinate>
                <Easting>558753</Easting>
                <Northing>179234</Northing>
            </DriveToCoordinate>
            <MapOfSiteURL></MapOfSiteURL>
            <ParkingInterchangeDuration>10</ParkingInterchangeDuration>     <!-- Number is approximate -->
            <ParkingSpaces>
                <CarSpaces>1950</CarSpaces>
                <BlueBadgeSpaces>20</BlueBadgeSpaces>
            </ParkingSpaces>
            <AvailabilityConditions>
                <AvailabilityCondition>
                    <AvailabilityID>OPK_CAR01_OLYMP</AvailabilityID>
                    <FromDate>2012-07-27</FromDate>
                    <ToDate>2012-08-12</ToDate>
                    <DaysOfWeek>Everyday</DaysOfWeek>
                    <DailyOpeningTime>00:00:00</DailyOpeningTime>
                    <DailyClosingTime>23:59:59</DailyClosingTime>
                </AvailabilityCondition>
                <AvailabilityCondition>
                    <AvailabilityID>OPK_CAR01_PARA</AvailabilityID>
                    <FromDate>2012-08-26</FromDate>
                    <ToDate>2012-09-12</ToDate>
                    <DaysOfWeek>Everyday</DaysOfWeek>
                    <DailyOpeningTime>00:00:00</DailyOpeningTime>
                    <DailyClosingTime>23:59:59</DailyClosingTime>
                </AvailabilityCondition>
            </AvailabilityConditions>
        </OlympicCarPark>        
    </OlympicVenue>
    <OlympicVenue>
        <VenueName>Olympic Park</VenueName>
        <VenueNaPTAN>8100OPK</VenueNaPTAN>
        <OlympicCarPark>
            <CarParkID>OPK_CAR02</CarParkID>
            <CarParkName>Hertfordshire County Showground</CarParkName>
            <DriveFromCoordinate>
                <Easting>509675</Easting>
                <Northing>214089</Northing>
            </DriveFromCoordinate>
            <DriveToCoordinate>
                <Easting>509675</Easting>
                <Northing>214089</Northing>
            </DriveToCoordinate>
            <MapOfSiteURL></MapOfSiteURL>
            <ParkingInterchangeDuration>10</ParkingInterchangeDuration>     <!-- Number is approximate -->
            <ParkingSpaces>
                <CarSpaces>3047</CarSpaces>
                <BlueBadgeSpaces>31</BlueBadgeSpaces>
            </ParkingSpaces>
            <AvailabilityConditions>
                <AvailabilityCondition>
                    <AvailabilityID>OPK_CAR01_OLYMP</AvailabilityID>
                    <FromDate>2012-07-27</FromDate>
                    <ToDate>2012-08-12</ToDate>
                    <DaysOfWeek>Everyday</DaysOfWeek>
                    <DailyOpeningTime>00:00:00</DailyOpeningTime>
                    <DailyClosingTime>23:59:59</DailyClosingTime>
                </AvailabilityCondition>
                <AvailabilityCondition>
                    <AvailabilityID>OPK_CAR01_PARA</AvailabilityID>
                    <FromDate>2012-08-26</FromDate>
                    <ToDate>2012-09-12</ToDate>
                    <DaysOfWeek>Everyday</DaysOfWeek>
                    <DailyOpeningTime>00:00:00</DailyOpeningTime>
                    <DailyClosingTime>23:59:59</DailyClosingTime>
                </AvailabilityCondition>
            </AvailabilityConditions>
        </OlympicCarPark>        
    </OlympicVenue>
    <OlympicVenue>
        <VenueName>Olympic Park</VenueName>
        <VenueNaPTAN>8100OPK</VenueNaPTAN>
        <OlympicCarPark>
            <CarParkID>OPK_CAR03</CarParkID>
            <CarParkName>Ebbsfleet International Rail Station</CarParkName>
            <DriveFromCoordinate>
                <Easting>561233</Easting>
                <Northing>173620</Northing>
            </DriveFromCoordinate>
            <DriveToCoordinate>
                <Easting>561233</Easting>
                <Northing>173620</Northing>
            </DriveToCoordinate>
            <MapOfSiteURL></MapOfSiteURL>
            <ParkingInterchangeDuration>10</ParkingInterchangeDuration>
            <ParkingSpaces>
                <CarSpaces>2470</CarSpaces>             <!-- Approximate: TBC -->
                <BlueBadgeSpaces>30</BlueBadgeSpaces>   <!-- Approximate: TBC -->
            </ParkingSpaces>
        </OlympicCarPark>        
    </OlympicVenue>
    <TransitShuttle>
        <TransitShuttleID>OPK_CAR01_SH01_IN</TransitShuttleID>
        <VenueServed>8100OPK</VenueServed>
        <CarParkServed>OPK_CAR01</CarParkServed>
        <ToVenue>true</ToVenue>
        <ModeOfTransport>shuttlebus</ModeOfTransport>
        <TransitDuration>60</TransitDuration>
        <IsScheduledService>false</IsScheduledService>
        <IsPRMOnly>false</IsPRMOnly>
        <VenueGateToUse>8100OPKgS</VenueGateToUse>
        <ShuttleFrequency>
            <ServiceFrequency>5</ServiceFrequency>
            <FirstOfDay>06:00:00</FirstOfDay>
            <LastOfDay>23:00:00</LastOfDay>
        </ShuttleFrequency>
    </TransitShuttle>
    <TransitShuttle>
        <TransitShuttleID>OPK_CAR01_SH01_OUT</TransitShuttleID>
        <VenueServed>8100OPK</VenueServed>
        <CarParkServed>OPK_CAR01</CarParkServed>
        <ToVenue>false</ToVenue>
        <ModeOfTransport>shuttlebus</ModeOfTransport>
        <TransitDuration>60</TransitDuration>
        <IsScheduledService>false</IsScheduledService>
        <IsPRMOnly>false</IsPRMOnly>
        <VenueGateToUse>8100OPKgS</VenueGateToUse>
        <ShuttleFrequency>
            <ServiceFrequency>5</ServiceFrequency>
            <FirstOfDay>07:00:00</FirstOfDay>
            <LastOfDay>02:00:00</LastOfDay>             <!-- Need to confirm use of early morning times for "last" -->
        </ShuttleFrequency>
    </TransitShuttle>
    <TransitShuttle>
        <TransitShuttleID>OPK_CAR02_SH01_IN</TransitShuttleID>
        <VenueServed>8100OPK</VenueServed>
        <CarParkServed>OPK_CAR02</CarParkServed>
        <ToVenue>true</ToVenue>
        <ModeOfTransport>shuttlebus</ModeOfTransport>
        <TransitDuration>90</TransitDuration>
        <IsScheduledService>false</IsScheduledService>
        <IsPRMOnly>false</IsPRMOnly>
        <VenueGateToUse>8100OPKgN</VenueGateToUse>
        <ShuttleFrequency>
            <ServiceFrequency>10</ServiceFrequency>
            <FirstOfDay>06:00:00</FirstOfDay>
            <LastOfDay>23:00:00</LastOfDay>
        </ShuttleFrequency>
    </TransitShuttle>
    <TransitShuttle>
        <TransitShuttleID>OPK_CAR02_SH01_OUT</TransitShuttleID>
        <VenueServed>8100OPK</VenueServed>
        <CarParkServed>OPK_CAR02</CarParkServed>
        <ToVenue>false</ToVenue>
        <ModeOfTransport>shuttlebus</ModeOfTransport>
        <TransitDuration>90</TransitDuration>
        <IsScheduledService>false</IsScheduledService>
        <IsPRMOnly>false</IsPRMOnly>
        <VenueGateToUse>8100OPKgN</VenueGateToUse>
        <ShuttleFrequency>
            <ServiceFrequency>10</ServiceFrequency>
            <FirstOfDay>08:00:00</FirstOfDay>
            <LastOfDay>02:00:00</LastOfDay>             <!-- Need to confirm use of early morning times for "last" -->
        </ShuttleFrequency>
    </TransitShuttle>
    <TransitShuttle>
        <TransitShuttleID>OPK_CAR03_SH01_IN</TransitShuttleID>
        <VenueServed>8100OPK</VenueServed>
        <CarParkServed>OPK_CAR03</CarParkServed>
        <ToVenue>true</ToVenue>
        <ModeOfTransport>rail</ModeOfTransport>
        <TransitDuration>11</TransitDuration>
        <IsScheduledService>true</IsScheduledService>
        <IsPRMOnly>false</IsPRMOnly>
        <VenueGateToUse>8100OPKgE</VenueGateToUse>
        <ShuttleFrequency>
            <ServiceFrequency>15</ServiceFrequency>
            <FirstOfDay>05:33:00</FirstOfDay>
            <LastOfDay>23:33:00</LastOfDay>
        </ShuttleFrequency>
    </TransitShuttle>
    <TransitShuttle>
        <TransitShuttleID>OPK_CAR03_SH01_OUT</TransitShuttleID>
        <VenueServed>8100OPK</VenueServed>
        <CarParkServed>OPK_CAR03</CarParkServed>
        <ToVenue>false</ToVenue>
        <ModeOfTransport>rail</ModeOfTransport>
        <TransitDuration>11</TransitDuration>
        <IsScheduledService>true</IsScheduledService>
        <IsPRMOnly>false</IsPRMOnly>
        <VenueGateToUse>8100OPKgE</VenueGateToUse>
        <ShuttleFrequency>
            <ServiceFrequency>15</ServiceFrequency>
            <FirstOfDay>06:32:00</FirstOfDay>
            <LastOfDay>23:32:00</LastOfDay>
        </ShuttleFrequency>
    </TransitShuttle>
    
    <!-- RIVER ZONE VENUES -->
    <!-- EXCEL -->
    <OlympicVenue>
        <VenueName>ExCeL</VenueName>
        <VenueNaPTAN>8100EXL</VenueNaPTAN>
        <OlympicCarPark>
            <CarParkID>EXL_BB01</CarParkID>
            <CarParkName>ExCeL Blue Badge Car Park</CarParkName>
            <DriveFromCoordinate>
                <Easting>540372</Easting>
                <Northing>180750</Northing>
            </DriveFromCoordinate>
            <DriveToCoordinate>
                <Easting>540372</Easting>
                <Northing>180750</Northing>
            </DriveToCoordinate>
            <MapOfSiteURL></MapOfSiteURL>
            <ParkingInterchangeDuration>5</ParkingInterchangeDuration>
            <ParkingSpaces>
                <BlueBadgeSpaces>230</BlueBadgeSpaces>
            </ParkingSpaces>
            <!-- Requires AvaialabilityConditions to be Added -->
        </OlympicCarPark>
    </OlympicVenue>
    <TransitShuttle>
        <TransitShuttleID>EXL_BB01_WK01_IN</TransitShuttleID>
        <VenueServed>8100EXL</VenueServed>
        <CarParkServed>EXL_BB01</CarParkServed>
        <ToVenue>true</ToVenue>
        <ModeOfTransport>walk</ModeOfTransport>
        <TransitDuration>15</TransitDuration>       <!-- Approximate: TBC -->
        <IsScheduledService>false</IsScheduledService>
        <IsPRMOnly>true</IsPRMOnly>
        <VenueGateToUse>8100EXLgEntr</VenueGateToUse>
        <!-- In future versions of schema ShuttleFrequency may be omitted for walks. However is compulsory for now so is set to a default of walk every minute! -->
        <ShuttleFrequency>
            <ServiceFrequency>1</ServiceFrequency>
            <FirstOfDay>00:00:00</FirstOfDay>
            <LastOfDay>23:59:59</LastOfDay>
        </ShuttleFrequency>
    </TransitShuttle>
    <TransitShuttle>
        <TransitShuttleID>EXL_BB01_WK01_OUT</TransitShuttleID>
        <VenueServed>8100EXL</VenueServed>
        <CarParkServed>EXL_BB01</CarParkServed>
        <ToVenue>false</ToVenue>
        <ModeOfTransport>walk</ModeOfTransport>
        <TransitDuration>15</TransitDuration>       <!-- Approximate: TBC -->
        <IsScheduledService>false</IsScheduledService>
        <IsPRMOnly>true</IsPRMOnly>
        <VenueGateToUse>8100EXLgExit</VenueGateToUse>
        <!-- In future versions of schema ShuttleFrequency may be omitted for walks. However is compulsory for now so is set to a default of walk every minute! -->
        <ShuttleFrequency>
            <ServiceFrequency>1</ServiceFrequency>
            <FirstOfDay>00:00:00</FirstOfDay>
            <LastOfDay>23:59:59</LastOfDay>
        </ShuttleFrequency>
    </TransitShuttle>
    
    <!-- GREENWICH PARK -->
    <OlympicVenue>
        <VenueName>Greenwich Park</VenueName>
        <VenueNaPTAN>8100GRP</VenueNaPTAN>
        <OlympicCarPark>
            <CarParkID>GRP_BB01</CarParkID>
            <CarParkName>Greenwich Park Blue Badge Car Park (Old Naval College)</CarParkName>
            <DriveFromCoordinate>
                <Easting>538711</Easting>
                <Northing>177904</Northing>
            </DriveFromCoordinate>
            <DriveToCoordinate>
                <Easting>538711</Easting>
                <Northing>177904</Northing>
            </DriveToCoordinate>
            <MapOfSiteURL></MapOfSiteURL>
            <ParkingInterchangeDuration>5</ParkingInterchangeDuration>
            <ParkingSpaces>
                <BlueBadgeSpaces>65</BlueBadgeSpaces>
            </ParkingSpaces>
            <!-- Requires AvaialabilityConditions to be Added -->
        </OlympicCarPark>
    </OlympicVenue>
    <TransitShuttle>
        <TransitShuttleID>GRP_BB01_WK01_IN</TransitShuttleID>
        <VenueServed>8100GRP</VenueServed>
        <CarParkServed>GRP_BB01</CarParkServed>
        <ToVenue>true</ToVenue>
        <ModeOfTransport>walk</ModeOfTransport>
        <TransitDuration>15</TransitDuration>       <!-- Approximate: TBC -->
        <IsScheduledService>false</IsScheduledService>
        <IsPRMOnly>true</IsPRMOnly>
        <VenueGateToUse>8100GRPgGNW</VenueGateToUse>
        <!-- In future versions of schema ShuttleFrequency may be omitted for walks. However is compulsory for now so is set to a default of walk every minute! -->
        <ShuttleFrequency>
            <ServiceFrequency>1</ServiceFrequency>
            <FirstOfDay>00:00:00</FirstOfDay>
            <LastOfDay>23:59:59</LastOfDay>
        </ShuttleFrequency>
    </TransitShuttle>
    <TransitShuttle>
        <TransitShuttleID>GRP_BB01_WK01_OUT</TransitShuttleID>
        <VenueServed>8100GRP</VenueServed>
        <CarParkServed>GRP_BB01</CarParkServed>
        <ToVenue>false</ToVenue>
        <ModeOfTransport>walk</ModeOfTransport>
        <TransitDuration>15</TransitDuration>       <!-- Approximate: TBC -->
        <IsScheduledService>false</IsScheduledService>
        <IsPRMOnly>true</IsPRMOnly>
        <VenueGateToUse>8100GRPgGNW</VenueGateToUse>
        <!-- In future versions of schema ShuttleFrequency may be omitted for walks. However is compulsory for now so is set to a default of walk every minute! -->
        <ShuttleFrequency>
            <ServiceFrequency>1</ServiceFrequency>
            <FirstOfDay>00:00:00</FirstOfDay>
            <LastOfDay>23:59:59</LastOfDay>
        </ShuttleFrequency>
    </TransitShuttle>
    
    <!-- NORTH GREENWICH ARENA -->
    <OlympicVenue>
        <VenueName>North Greenwich Arena</VenueName>
        <VenueNaPTAN>8100NGA</VenueNaPTAN>
    </OlympicVenue>
    
    <!-- ROYAL ARTILLERY BARRACKS -->
    <OlympicVenue>
        <VenueName>Royal Artillery Barracks</VenueName>
        <VenueNaPTAN>8100RAB</VenueNaPTAN>
    </OlympicVenue>
    
    <!-- LONDON VENUES -->
    <!-- EARLS COURT -->
    <OlympicVenue>
        <VenueName>Earls Court</VenueName>
        <VenueNaPTAN>8100EAR</VenueNaPTAN>
        <OlympicCarPark>
            <CarParkID>EAR_BB01</CarParkID>
            <CarParkName>Seagrave Road Blue Badge Car Park</CarParkName>
            <DriveFromCoordinate>
                <Easting>525344</Easting>
                <Northing>177896</Northing>
            </DriveFromCoordinate>
            <DriveToCoordinate>
                <Easting>525429</Easting>
                <Northing>177744</Northing>
            </DriveToCoordinate>
            <MapOfSiteURL></MapOfSiteURL>
            <ParkingInterchangeDuration>10</ParkingInterchangeDuration>
            <ParkingSpaces>
                <BlueBadgeSpaces>65</BlueBadgeSpaces>          
            </ParkingSpaces>
        </OlympicCarPark>
    </OlympicVenue>
    <TransitShuttle>
        <TransitShuttleID>EAR_BB01_WK01_IN</TransitShuttleID>
        <VenueServed>8100EAR</VenueServed>
        <CarParkServed>EAR_BB01</CarParkServed>
        <ToVenue>true</ToVenue>
        <ModeOfTransport>walk</ModeOfTransport>
        <TransitJourneyDescription>
			<TransitText>Turn right out of car park and walk north up Seagrave Road and turn right into Old Brompton Road. Entrance to venue is on left in approximately 120m</TransitText>
			<TransitLanguage>en</TransitLanguage>
		</TransitJourneyDescription>
		<TransitDuration>15</TransitDuration>
        <IsScheduledService>false</IsScheduledService>
        <IsPRMOnly>true</IsPRMOnly>
        <VenueGateToUse>8100EARgEntr</VenueGateToUse>
        <!-- In future versions of schema ShuttleFrequency may be omitted for walks. However is compulsory for now so is set to a default of walk every minute! -->
        <ShuttleFrequency>
            <ServiceFrequency>1</ServiceFrequency>
            <FirstOfDay>00:00:00</FirstOfDay>
            <LastOfDay>23:59:59</LastOfDay>
        </ShuttleFrequency>
    </TransitShuttle>
    <TransitShuttle>
        <TransitShuttleID>EAR_BB01_WK01_OUT</TransitShuttleID>
        <VenueServed>8100EAR</VenueServed>
        <CarParkServed>EAR_BB01</CarParkServed>
        <ToVenue>false</ToVenue>
        <ModeOfTransport>walk</ModeOfTransport>
		<TransitJourneyDescription>
			<TransitText>Turn right out venue onto Warwick Road, and take second right into Kempsford Gardens in approximately 130m. At end of road, turn right into West Brompton Road and once over railway bridge, in approximately 250m, turn left into Seagrave Road. Car park entrance is on left in approximately 100m</TransitText>
			<TransitLanguage>en</TransitLanguage>
		</TransitJourneyDescription>
        <TransitDuration>15</TransitDuration>
        <IsScheduledService>false</IsScheduledService>
        <IsPRMOnly>true</IsPRMOnly>
        <VenueGateToUse>8100EARgExit</VenueGateToUse>
        <!-- In future versions of schema ShuttleFrequency may be omitted for walks. However is compulsory for now so is set to a default of walk every minute! -->
        <ShuttleFrequency>
            <ServiceFrequency>1</ServiceFrequency>
            <FirstOfDay>00:00:00</FirstOfDay>
            <LastOfDay>23:59:59</LastOfDay>
        </ShuttleFrequency>
    </TransitShuttle>
    
    <!-- LORDS CRICKET GROUND -->
    <OlympicVenue>
        <VenueName>Lords Cricket Ground</VenueName>
        <VenueNaPTAN>8100LCG</VenueNaPTAN>
    </OlympicVenue>
    
    <!-- WIMBLEDON -->
    <OlympicVenue>
        <VenueName>Wimbledon</VenueName>
        <VenueNaPTAN>8100WIM</VenueNaPTAN>
    </OlympicVenue>
    
    <!-- HORSE GUARDS PARADE -->
    <OlympicVenue>
        <VenueName>Horse Guards Parade</VenueName>
        <VenueNaPTAN>8100HGP</VenueNaPTAN>
    </OlympicVenue>
    
    <!-- THE MALL -->
    <OlympicVenue>
        <VenueName>The Mall</VenueName>
        <VenueNaPTAN>8100MAL</VenueNaPTAN>
    </OlympicVenue>
    
    <!-- HYDE PARK -->
    <OlympicVenue>
        <VenueName>Hyde Park</VenueName>
        <VenueNaPTAN>8100HYD</VenueNaPTAN>
    </OlympicVenue>
    
    <!-- WEMBLEY ARENA -->
    <OlympicVenue>
        <VenueName>Wembley Arena</VenueName>
        <VenueNaPTAN>8100WEA</VenueNaPTAN>
    </OlympicVenue>    
    
    <!-- OUT OF LONDON VENUES -->
    <!-- LEE VALLEY -->
    <OlympicVenue>
        <VenueName>Lee Valley</VenueName>
        <VenueNaPTAN>8100LVC</VenueNaPTAN>
    </OlympicVenue>
    
    <!-- HADLEIGH FARM -->
    <OlympicVenue>
        <VenueName>Hadleigh Farm</VenueName>
        <VenueNaPTAN>8100HAD</VenueNaPTAN>
        <OlympicCarPark>
            <CarParkID>HAD_CAR01</CarParkID>
            <CarParkName>Sandon P&amp;R Site</CarParkName>
            <DriveFromCoordinate>
                <Easting>574564</Easting>
                <Northing>205468</Northing>
            </DriveFromCoordinate>
            <DriveToCoordinate>
                <Easting>574564</Easting>
                <Northing>205468</Northing>
            </DriveToCoordinate>
            <MapOfSiteURL></MapOfSiteURL>
            <ParkingInterchangeDuration>15</ParkingInterchangeDuration>     <!-- Approximate: TBC -->
            <ParkingSpaces>
                <CarSpaces>612</CarSpaces>
                <BlueBadgeSpaces>12</BlueBadgeSpaces>
            </ParkingSpaces>
            <AvailabilityConditions>
                <AvailabilityCondition>
                    <AvailabilityID>HAD_CAR01_SAT</AvailabilityID>
                    <FromDate>2012-08-11</FromDate>
                    <ToDate>2012-08-11</ToDate>
                    <DaysOfWeek>Saturday</DaysOfWeek>
                    <DailyOpeningTime>08:30:00</DailyOpeningTime>
                    <DailyClosingTime>18:30:00</DailyClosingTime>
                </AvailabilityCondition>
                <AvailabilityCondition>
                    <AvailabilityID>HAD_CAR01_SUN</AvailabilityID>
                    <FromDate>2012-08-12</FromDate>
                    <ToDate>2012-08-12</ToDate>
                    <DaysOfWeek>Sunday</DaysOfWeek>
                    <DailyOpeningTime>08:30:00</DailyOpeningTime>
                    <DailyClosingTime>18:30:00</DailyClosingTime>
                </AvailabilityCondition>
            </AvailabilityConditions>
        </OlympicCarPark>
        <OlympicCarPark>
            <CarParkID>HAD_CAR02</CarParkID>
            <CarParkName>Hadleigh East (Waterside Farm)</CarParkName>
            <DriveFromCoordinate>
                <Easting>578170</Easting>
                <Northing>184886</Northing>
            </DriveFromCoordinate>
            <DriveToCoordinate>
                <Easting>578170</Easting>
                <Northing>184886</Northing>
            </DriveToCoordinate>
            <MapOfSiteURL></MapOfSiteURL>
            <ParkingInterchangeDuration>10</ParkingInterchangeDuration>     <!-- Approximate: TBC -->
            <ParkingSpaces>
                <CarSpaces>3315</CarSpaces>
                <BlueBadgeSpaces>57</BlueBadgeSpaces>
            </ParkingSpaces>
            <AvailabilityConditions>
                <AvailabilityCondition>
                    <AvailabilityID>HAD_CAR02_SAT</AvailabilityID>
                    <FromDate>2012-08-11</FromDate>
                    <ToDate>2012-08-11</ToDate>
                    <DaysOfWeek>Saturday</DaysOfWeek>
                    <DailyOpeningTime>08:30:00</DailyOpeningTime>
                    <DailyClosingTime>18:15:00</DailyClosingTime>
                </AvailabilityCondition>
                <AvailabilityCondition>
                    <AvailabilityID>HAD_CAR02_SUN</AvailabilityID>
                    <FromDate>2012-08-12</FromDate>
                    <ToDate>2012-08-12</ToDate>
                    <DaysOfWeek>Sunday</DaysOfWeek>
                    <DailyOpeningTime>08:30:00</DailyOpeningTime>
                    <DailyClosingTime>18:15:00</DailyClosingTime>
                </AvailabilityCondition>
            </AvailabilityConditions>
        </OlympicCarPark>
        <OlympicCarPark>
            <CarParkID>HAD_CAR03</CarParkID>
            <CarParkName>Hadleigh West (Barleylands Farm)</CarParkName>
            <DriveFromCoordinate>
                <Easting>569502</Easting>
                <Northing>191825</Northing>
            </DriveFromCoordinate>
            <DriveToCoordinate>
                <Easting>569502</Easting>
                <Northing>191825</Northing>
            </DriveToCoordinate>
            <MapOfSiteURL></MapOfSiteURL>
            <ParkingInterchangeDuration>10</ParkingInterchangeDuration>     <!-- Approximate: TBC -->
            <ParkingSpaces>
                <CarSpaces>2973</CarSpaces>
                <BlueBadgeSpaces>36</BlueBadgeSpaces>
            </ParkingSpaces>
            <AvailabilityConditions>
                <AvailabilityCondition>
                    <AvailabilityID>HAD_CAR03_SAT</AvailabilityID>
                    <FromDate>2012-08-11</FromDate>
                    <ToDate>2012-08-11</ToDate>
                    <DaysOfWeek>Saturday</DaysOfWeek>
                    <DailyOpeningTime>08:30:00</DailyOpeningTime>
                    <DailyClosingTime>18:25:00</DailyClosingTime>
                </AvailabilityCondition>
                <AvailabilityCondition>
                    <AvailabilityID>HAD_CAR03_SUN</AvailabilityID>
                    <FromDate>2012-08-12</FromDate>
                    <ToDate>2012-08-12</ToDate>
                    <DaysOfWeek>Sunday</DaysOfWeek>
                    <DailyOpeningTime>08:30:00</DailyOpeningTime>
                    <DailyClosingTime>18:25:00</DailyClosingTime>
                </AvailabilityCondition>
            </AvailabilityConditions>
        </OlympicCarPark>
        <OlympicCarPark>
            <CarParkID>HAD_CAR04</CarParkID>
            <CarParkName>Case International Tractors</CarParkName>
            <DriveFromCoordinate>
                <Easting>571225</Easting>
                <Northing>190069</Northing>
            </DriveFromCoordinate>
            <DriveToCoordinate>
                <Easting>571225</Easting>
                <Northing>190069</Northing>
            </DriveToCoordinate>
            <MapOfSiteURL></MapOfSiteURL>
            <ParkingInterchangeDuration>10</ParkingInterchangeDuration>     <!-- Approximate: TBC -->
            <ParkingSpaces>
                <CarSpaces>1265</CarSpaces>
                <BlueBadgeSpaces>13</BlueBadgeSpaces>
            </ParkingSpaces>
            <AvailabilityConditions>
                <AvailabilityCondition>
                    <AvailabilityID>HAD_CAR04_SAT</AvailabilityID>
                    <FromDate>2012-08-11</FromDate>
                    <ToDate>2012-08-11</ToDate>
                    <DaysOfWeek>Saturday</DaysOfWeek>
                    <DailyOpeningTime>08:30:00</DailyOpeningTime>
                    <DailyClosingTime>18:30:00</DailyClosingTime>
                </AvailabilityCondition>
                <AvailabilityCondition>
                    <AvailabilityID>HAD_CAR04_SUN</AvailabilityID>
                    <FromDate>2012-08-12</FromDate>
                    <ToDate>2012-08-12</ToDate>
                    <DaysOfWeek>Sunday</DaysOfWeek>
                    <DailyOpeningTime>08:30:00</DailyOpeningTime>
                    <DailyClosingTime>18:30:00</DailyClosingTime>
                </AvailabilityCondition>
            </AvailabilityConditions>
        </OlympicCarPark>
        <OlympicCarPark>
            <CarParkID>HAD_BB05</CarParkID>
            <CarParkName>Hadleigh Farm Blue Badge Car Park (Venue Transport Hub)</CarParkName>
            <DriveFromCoordinate>
                <Easting>580845</Easting>
                <Northing>186425</Northing>
            </DriveFromCoordinate>
            <DriveToCoordinate>
                <Easting>580845</Easting>
                <Northing>186425</Northing>
            </DriveToCoordinate>
            <MapOfSiteURL></MapOfSiteURL>
            <ParkingInterchangeDuration>5</ParkingInterchangeDuration>
            <ParkingSpaces>
                <BlueBadgeSpaces>50</BlueBadgeSpaces>
            </ParkingSpaces>
            <AvailabilityConditions>
                <AvailabilityCondition>
                    <AvailabilityID>HAD_BB05_SAT</AvailabilityID>
                    <FromDate>2012-08-11</FromDate>
                    <ToDate>2012-08-11</ToDate>
                    <DaysOfWeek>Saturday</DaysOfWeek>
                    <DailyOpeningTime>08:30:00</DailyOpeningTime>
                    <DailyClosingTime>18:15:00</DailyClosingTime>
                </AvailabilityCondition>
                <AvailabilityCondition>
                    <AvailabilityID>HAD_BB05_SUN</AvailabilityID>
                    <FromDate>2012-08-12</FromDate>
                    <ToDate>2012-08-12</ToDate>
                    <DaysOfWeek>Sunday</DaysOfWeek>
                    <DailyOpeningTime>08:30:00</DailyOpeningTime>
                    <DailyClosingTime>18:15:00</DailyClosingTime>
                </AvailabilityCondition>
            </AvailabilityConditions>
        </OlympicCarPark>        
    </OlympicVenue>
    <!-- Need to add Transit Shuttles for four regular P&R sites. 
         HAD_GRP_CAR02 has walk(?), shuttle and cycle options to venue -->
    <TransitShuttle>
        <TransitShuttleID>HAD_BB05_WK01_IN</TransitShuttleID>
        <VenueServed>8100HAD</VenueServed>
        <CarParkServed>HAD_BB05</CarParkServed>
        <ToVenue>true</ToVenue>
        <ModeOfTransport>walk</ModeOfTransport>
		<TransitJourneyDescription>
			<TransitText>Leave car park to west and follow path to venue spectator gate</TransitText>
			<TransitLanguage>en</TransitLanguage>
		</TransitJourneyDescription>
        <TransitDuration>5</TransitDuration>
        <IsScheduledService>false</IsScheduledService>
        <IsPRMOnly>true</IsPRMOnly>
        <VenueGateToUse>8100HADg0</VenueGateToUse>
        <!-- In future versions of schema ShuttleFrequency may be omitted for walks. However is compulsory for now so is set to a default of walk every minute! -->
        <ShuttleFrequency>
            <ServiceFrequency>1</ServiceFrequency>
            <FirstOfDay>00:00:00</FirstOfDay>
            <LastOfDay>23:59:00</LastOfDay>
        </ShuttleFrequency>
    </TransitShuttle>
    <TransitShuttle>
        <TransitShuttleID>HAD_BB05_WK01_OUT</TransitShuttleID>
        <VenueServed>8100HAD</VenueServed>
        <CarParkServed>HAD_BB05</CarParkServed>
        <ToVenue>false</ToVenue>
        <ModeOfTransport>walk</ModeOfTransport>
		<TransitJourneyDescription>
			<TransitText>Leave by venue gate and follow footpath to car park</TransitText>
			<TransitLanguage>en</TransitLanguage>
		</TransitJourneyDescription>
        <TransitDuration>5</TransitDuration>
        <IsScheduledService>false</IsScheduledService>
        <IsPRMOnly>true</IsPRMOnly>
        <VenueGateToUse>8100HADg0</VenueGateToUse>
        <!-- In future versions of schema ShuttleFrequency may be omitted for walks. However is compulsory for now so is set to a default of walk every minute! -->
        <ShuttleFrequency>
            <ServiceFrequency>1</ServiceFrequency>
            <FirstOfDay>00:00:00</FirstOfDay>
            <LastOfDay>23:59:00</LastOfDay>
        </ShuttleFrequency>
    </TransitShuttle>
    
    
    <!-- ETON DORNEY -->
    <OlympicVenue>
        <VenueName>Eton Dorney</VenueName>
        <VenueNaPTAN>8100ETD</VenueNaPTAN>
    </OlympicVenue>
    
    <!-- WEYMOUTH AND PORTLAND -->
    <OlympicVenue>
        <VenueName>Weymouth and Portland</VenueName>
        <VenueNaPTAN>8100WAP</VenueNaPTAN>
    </OlympicVenue>
    
    <!-- FOOTBALL VENUES -->
    <!-- WEMBLEY STADIUM -->
    <OlympicVenue>
        <VenueName>Wembley Stadium</VenueName>
        <VenueNaPTAN>8100WEM</VenueNaPTAN>
    </OlympicVenue>
    
    <!-- MILLENNIUM STADIUM -->
    <OlympicVenue>
        <VenueName>Millennium Stadium</VenueName>
        <VenueNaPTAN>8100MIL</VenueNaPTAN>
    </OlympicVenue>
    
    <!-- HAMPDEN PARK -->
    <OlympicVenue>
        <VenueName>Hampden Park</VenueName>
        <VenueNaPTAN>8100HAM</VenueNaPTAN>
    </OlympicVenue>
    
    <!-- OLD TRAFFORD -->
    <OlympicVenue>
        <VenueName>Old Trafford</VenueName>
        <VenueNaPTAN>8100OLD</VenueNaPTAN>
    </OlympicVenue>
    
    <!-- CITY OF COVENTRY STADIUM -->
    <OlympicVenue>
        <VenueName>City of Coventry Stadium</VenueName>
        <VenueNaPTAN>8100COV</VenueNaPTAN>
    </OlympicVenue>
    
    <!-- ST JAMES PARK (NEWCASTLE) -->
    <OlympicVenue>
        <VenueName>St James Park (Newcastle)</VenueName>
        <VenueNaPTAN>8100SJP</VenueNaPTAN>
    </OlympicVenue>
    
</SJPParkAndRideLocations>
