<?xml version="1.0" encoding="utf-8"?>
<soap:Envelope xmlns:xsi="http://www.w3.org/2001/XMLSchema-instance" xmlns:xsd="http://www.w3.org/2001/XMLSchema" xmlns:soap="http://schemas.xmlsoap.org/soap/envelope/">
  <soap:Body>
    <PlanCarJourney xmlns="http://www.transportdirect.info/TransportDirect.EnhancedExposedServices.CarJourneyPlannerSynchronous.V1">
      <transactionId>testCarJourneyPlanner</transactionId>
	  <request>
		<JourneyRequests>
		</JourneyRequests>
      </request>
    </PlanCarJourney>
  </soap:Body>
</soap:Envelope>
