<?xml version="1.0" encoding="utf-8"?>
<DataFeedInfo xmlns="http://www.transportdirect.info/datafeedinfo" xsi:schemaLocation="http://www.transportdirect.info/datafeedinfo http://localhost/datafeedinfo.xsd" xmlns:xsi="http://www.w3.org/2001/XMLSchema-instance" version="1.0"><SupplierID>016</SupplierID><InterfaceNumber version="02">IF003</InterfaceNumber><TimePrepared>2010-05-25T08:21:55</TimePrepared><DataFeed isPresent="Y"><Filename>Admin Areas.csv</Filename><Filename>Air Exchanges.csv</Filename><Filename>Alternate Names.csv</Filename><Filename>AREPs.csv</Filename><Filename>Call Centres.csv</Filename><Filename>Coach Exchanges.csv</Filename><Filename>Districts.csv</Filename><Filename>Exchange Groups.csv</Filename><Filename>Exchange Points.csv</Filename><Filename>Ferry Exchanges.csv</Filename><Filename>Hierarchy.csv</Filename><Filename>Localities.csv</Filename><Filename>Rail Exchanges.csv</Filename><Filename>Travel Regions.csv</Filename><Filename>Trusted Clients.csv</Filename><Filename>Unsupported.csv</Filename></DataFeed></DataFeedInfo>
