<?xml version="1.0" encoding="utf-8" ?>
	<DataFeedInfo xmlns:xsi="http://www.w3.org/2001/XMLSchema-instance"
	xsi:schemaLocation="http://www.transportdirect.info/datafeedinfo http://localhost/datafeedinfo.xsd"
	xmlns="http://www.transportdirect.info/datafeedinfo" version="1.0">
		<SupplierID>035</SupplierID>
	<InterfaceNumber version="02">IF029</InterfaceNumber>
	<TimePrepared>2009-02-25T16:30:00</TimePrepared>
		<DataFeed isPresent="Y">
		<Filename>DLRE.DAT</Filename>
	</DataFeed>
</DataFeedInfo>
