<?xml version="1.0" encoding="utf-8"?>
<soap:Envelope xmlns:xsi="http://www.w3.org/2001/XMLSchema-instance" xmlns:xsd="http://www.w3.org/2001/XMLSchema" xmlns:soap="http://schemas.xmlsoap.org/soap/envelope/">
  <soap:Body>
	<PlanPublicJourney xmlns="http://www.transportdirect.info/TransportDirect.EnhancedExposedServices.JourneyPlannerSynchronous.V1">
        <transactionId>testJP</transactionId>
        <language>en-GB</language>
        <request>
          <IsReturnRequired>false</IsReturnRequired>
          <OutwardArriveBefore>false</OutwardArriveBefore>
          <OutwardDateTime>2010-08-18T18:32:26.2939351-00:00</OutwardDateTime>
          <InterchangeSpeed>0</InterchangeSpeed>
          <WalkingSpeed>80</WalkingSpeed>
          <MaxWalkingTime>5</MaxWalkingTime>
          <OriginLocation>
			<Type>GridReference</Type>
			<GridReference>
				<Easting>432950</Easting>
				<Northing>334120</Northing>
			</GridReference>
          </OriginLocation>
          <DestinationLocation>
			<Type>GridReference</Type>
			<GridReference>
				<Easting>430571</Easting>
				<Northing>334539</Northing>
			</GridReference>
          </DestinationLocation>
          <Sequence>1</Sequence>
        </request>
      </PlanPublicJourney>
  </soap:Body>
</soap:Envelope>