<?xml version="1.0" encoding="utf-8" ?>
	<DataFeedInfo xmlns:xsi="http://www.w3.org/2001/XMLSchema-instance"
	xsi:schemaLocation="http://www.transportdirect.info/datafeedinfo http://localhost/datafeedinfo.xsd"
	xmlns="http://www.transportdirect.info/datafeedinfo" version="1.0">
		<SupplierID>053</SupplierID>
	<InterfaceNumber version="01">IF125</InterfaceNumber>
	<TimePrepared>2009-06-03T19:13:27</TimePrepared>
		<DataFeed isPresent="Y">
		<Filename>dljc.dat</Filename>
	</DataFeed>
</DataFeedInfo>
