<?xml version="1.0" encoding="utf-8"?>
<DataFeedInfo xmlns="http://www.transportdirect.info/datafeedinfo"
xsi:schemaLocation="http://www.transportdirect.info/datafeedinfo http://localhost/datafeedinfo.xsd"
xmlns:xsi="http://www.w3.org/2001/XMLSchema-instance"
version="1.0">
  <SupplierID>098</SupplierID>
  <InterfaceNumber version="01">IF135</InterfaceNumber>
  <TimePrepared>2013-03-19T10:00:00</TimePrepared>
  <DataFeed isPresent="Y">
    <Filename>COACH EXCHANGE FILTERING.csv</Filename>
	<Filename>EXCHANGE GROUP FILTERING.csv</Filename>
	<Filename>FERRY EXCHANGE FILTERING.csv</Filename>
	<Filename>LOCALITY FILTERING.csv</Filename>
	<Filename>NAPTAN STOP FILTERING.csv</Filename>
	<Filename>RAIL EXCHANGE FILTERING.csv</Filename>
  </DataFeed>
</DataFeedInfo>
