<?xml version="1.0" encoding="utf-8"?>
<soap:Envelope xmlns:xsi="http://www.w3.org/2001/XMLSchema-instance" xmlns:xsd="http://www.w3.org/2001/XMLSchema" xmlns:soap="http://schemas.xmlsoap.org/soap/envelope/">
  <soap:Body>
    <GetGridReference xmlns="http://www.transportdirect.info/TransportDirect.EnhancedExposedServices.CycleJourneyPlannerSynchronous.V1">
      <transactionId>testGetGridReference</transactionId>
	  <locationType>NaPTAN</locationType>
      <locationValue>9200BHX</locationValue>
    </GetGridReference>
  </soap:Body>
</soap:Envelope>
