<?xml version="1.0" encoding="UTF-8"?>
<SJPParkAndRideLocations xmlns="http://www.transportdirect.info/SJPParkAndRideLocations"
    xmlns:xsi="http://www.w3.org/2001/XMLSchema-instance"
    xsi:schemaLocation="http://www.transportdirect.info/SJPParkAndRideLocations SJPParkAndRideLocations.xsd">
    <OlympicVenue>
        <VenueName>Olympic Park</VenueName>
        <VenueNaPTAN>8100OPK</VenueNaPTAN>
        <OlympicCarPark>
            <CarParkID>OPK_CAR01</CarParkID>
            <CarParkName>Lakeside</CarParkName>
            <DriveFromCoordinate>
                <Easting>558753</Easting>
                <Northing>179234</Northing>
            </DriveFromCoordinate>
            <DriveToCoordinate>
                <Easting>558753</Easting>
                <Northing>179234</Northing>
            </DriveToCoordinate>
            <MapOfSiteURL></MapOfSiteURL>
            <ParkingInterchangeDuration>10</ParkingInterchangeDuration>
            <ParkingSpaces>
                <CarSpaces>5000</CarSpaces>
            </ParkingSpaces>
        </OlympicCarPark>        
    </OlympicVenue>
    <OlympicVenue>
        <VenueName>Olympic Park</VenueName>
        <VenueNaPTAN>8100OPK</VenueNaPTAN>
        <OlympicCarPark>
            <CarParkID>OPK_CAR02</CarParkID>
            <CarParkName>Hertfordshire County Showground</CarParkName>
            <DriveFromCoordinate>
                <Easting>509675</Easting>
                <Northing>214089</Northing>
            </DriveFromCoordinate>
            <DriveToCoordinate>
                <Easting>509675</Easting>
                <Northing>214089</Northing>
            </DriveToCoordinate>
            <MapOfSiteURL></MapOfSiteURL>
            <ParkingInterchangeDuration>10</ParkingInterchangeDuration>
            <ParkingSpaces>
                <CarSpaces>5100</CarSpaces>
            </ParkingSpaces>
        </OlympicCarPark>        
    </OlympicVenue>
    <OlympicVenue>
        <VenueName>Olympic Park</VenueName>
        <VenueNaPTAN>8100OPK</VenueNaPTAN>
        <OlympicCarPark>
            <CarParkID>OPK_CAR03</CarParkID>
            <CarParkName>Ebbsfleet International Rail Station</CarParkName>
            <DriveFromCoordinate>
                <Easting>561233</Easting>
                <Northing>173620</Northing>
            </DriveFromCoordinate>
            <DriveToCoordinate>
                <Easting>561233</Easting>
                <Northing>173620</Northing>
            </DriveToCoordinate>
            <MapOfSiteURL></MapOfSiteURL>
            <ParkingInterchangeDuration>10</ParkingInterchangeDuration>
            <ParkingSpaces>
                <CarSpaces>7000</CarSpaces>
            </ParkingSpaces>
        </OlympicCarPark>        
    </OlympicVenue>
    <TransitShuttle>
        <TransitShuttleID>OPK_CAR01_SH01_IN</TransitShuttleID>
        <VenueServed>8100OPK</VenueServed>
        <CarParkServed>OPK_CAR01</CarParkServed>
        <ToVenue>true</ToVenue>
        <ModeOfTransport>shuttlebus</ModeOfTransport>
        <TransitDuration>60</TransitDuration>
        <IsScheduledService>false</IsScheduledService>
        <IsPRMOnly>false</IsPRMOnly>
        <VenueGateToUse>8100OPKgS</VenueGateToUse>
        <ShuttleFrequency>
            <ServiceFrequency>5</ServiceFrequency>
            <FirstOfDay>06:00:00</FirstOfDay>
            <LastOfDay>23:00:00</LastOfDay>
        </ShuttleFrequency>
    </TransitShuttle>
    <TransitShuttle>
        <TransitShuttleID>OPK_CAR01_SH01_OUT</TransitShuttleID>
        <VenueServed>8100OPK</VenueServed>
        <CarParkServed>OPK_CAR01</CarParkServed>
        <ToVenue>false</ToVenue>
        <ModeOfTransport>shuttlebus</ModeOfTransport>
        <TransitDuration>60</TransitDuration>
        <IsScheduledService>false</IsScheduledService>
        <IsPRMOnly>false</IsPRMOnly>
        <VenueGateToUse>8100OPKgS</VenueGateToUse>
        <ShuttleFrequency>
            <ServiceFrequency>5</ServiceFrequency>
            <FirstOfDay>07:00:00</FirstOfDay>
            <LastOfDay>02:00:00</LastOfDay>
        </ShuttleFrequency>
    </TransitShuttle>
    <TransitShuttle>
        <TransitShuttleID>OPK_CAR02_SH01_IN</TransitShuttleID>
        <VenueServed>8100OPK</VenueServed>
        <CarParkServed>OPK_CAR02</CarParkServed>
        <ToVenue>true</ToVenue>
        <ModeOfTransport>shuttlebus</ModeOfTransport>
        <TransitDuration>90</TransitDuration>
        <IsScheduledService>false</IsScheduledService>
        <IsPRMOnly>false</IsPRMOnly>
        <VenueGateToUse>8100OPKgN</VenueGateToUse>
        <ShuttleFrequency>
            <ServiceFrequency>10</ServiceFrequency>
            <FirstOfDay>06:00:00</FirstOfDay>
            <LastOfDay>23:00:00</LastOfDay>
        </ShuttleFrequency>
    </TransitShuttle>
    <TransitShuttle>
        <TransitShuttleID>OPK_CAR02_SH01_OUT</TransitShuttleID>
        <VenueServed>8100OPK</VenueServed>
        <CarParkServed>OPK_CAR02</CarParkServed>
        <ToVenue>false</ToVenue>
        <ModeOfTransport>shuttlebus</ModeOfTransport>
        <TransitDuration>90</TransitDuration>
        <IsScheduledService>false</IsScheduledService>
        <IsPRMOnly>false</IsPRMOnly>
        <VenueGateToUse>8100OPKgN</VenueGateToUse>
        <ShuttleFrequency>
            <ServiceFrequency>10</ServiceFrequency>
            <FirstOfDay>08:00:00</FirstOfDay>
            <LastOfDay>02:00:00</LastOfDay>
        </ShuttleFrequency>
    </TransitShuttle>
    <TransitShuttle>
        <TransitShuttleID>OPK_CAR03_SH01_IN</TransitShuttleID>
        <VenueServed>8100OPK</VenueServed>
        <CarParkServed>OPK_CAR03</CarParkServed>
        <ToVenue>true</ToVenue>
        <ModeOfTransport>rail</ModeOfTransport>
        <TransitDuration>11</TransitDuration>
        <IsScheduledService>true</IsScheduledService>
        <IsPRMOnly>false</IsPRMOnly>
        <VenueGateToUse>8100OPKgE</VenueGateToUse>
        <ShuttleFrequency>
            <ServiceFrequency>15</ServiceFrequency>
            <FirstOfDay>05:33:00</FirstOfDay>
            <LastOfDay>23:33:00</LastOfDay>
        </ShuttleFrequency>
    </TransitShuttle>
    <TransitShuttle>
        <TransitShuttleID>OPK_CAR03_SH01_OUT</TransitShuttleID>
        <VenueServed>8100OPK</VenueServed>
        <CarParkServed>OPK_CAR03</CarParkServed>
        <ToVenue>false</ToVenue>
        <ModeOfTransport>rail</ModeOfTransport>
        <TransitDuration>11</TransitDuration>
        <IsScheduledService>true</IsScheduledService>
        <IsPRMOnly>false</IsPRMOnly>
        <VenueGateToUse>8100OPKgE</VenueGateToUse>
        <ShuttleFrequency>
            <ServiceFrequency>15</ServiceFrequency>
            <FirstOfDay>06:32:00</FirstOfDay>
            <LastOfDay>23:32:00</LastOfDay>
        </ShuttleFrequency>
    </TransitShuttle>
</SJPParkAndRideLocations>
